HIERARCHY
ROOT Hips
{
	OFFSET -0.001795 -0.223333 0.028219
	CHANNELS 6 Xposition Yposition Zposition Zrotation Yrotation Xrotation 
	JOINT LeftUpLeg
	{
		OFFSET 0.069520 -0.091406 -0.006815
		CHANNELS 3 Zrotation Yrotation Xrotation
		JOINT LeftLeg
		{
			OFFSET 0.034277 -0.375199 -0.004496
			CHANNELS 3 Zrotation Yrotation Xrotation
			JOINT LeftFoot
			{
				OFFSET -0.013596 -0.397961 -0.043693
				CHANNELS 3 Zrotation Yrotation Xrotation
				JOINT LeftToe
				{
					OFFSET 0.026358 -0.055791 0.119288
					CHANNELS 3 Zrotation Yrotation Xrotation
					End Site
					{
						OFFSET 0.000000 0.000000 0.000000
					}
				}
			}
		}
	}
	JOINT RightUpLeg
	{
		OFFSET -0.067670 -0.090522 -0.004320
		CHANNELS 3 Zrotation Yrotation Xrotation
		JOINT RightLeg
		{
			OFFSET -0.038290 -0.382569 -0.008850
			CHANNELS 3 Zrotation Yrotation Xrotation
			JOINT RightFoot
			{
				OFFSET 0.015774 -0.398415 -0.042312
				CHANNELS 3 Zrotation Yrotation Xrotation
				JOINT RightToe
				{
					OFFSET -0.025372 -0.048144 0.123348
					CHANNELS 3 Zrotation Yrotation Xrotation
					End Site
					{
						OFFSET 0.000000 0.000000 0.000000
					}
				}
			}
		}
	}
	JOINT Spine
	{
		OFFSET -0.002533 0.108963 -0.026696
		CHANNELS 3 Zrotation Yrotation Xrotation
		JOINT Spine1
		{
			OFFSET 0.005487 0.135180 0.001092
			CHANNELS 3 Zrotation Yrotation Xrotation
			JOINT Spine2
			{
				OFFSET 0.001457 0.052922 0.025425
				CHANNELS 3 Zrotation Yrotation Xrotation
				JOINT Neck
				{
					OFFSET -0.002778 0.213870 -0.042857
					CHANNELS 3 Zrotation Yrotation Xrotation
					JOINT Head
					{
						OFFSET 0.005152 0.064970 0.051349
						CHANNELS 3 Zrotation Yrotation Xrotation
						End Site
						{
							OFFSET 0.000000 0.000000 0.000000
						}
					}
				}
				JOINT LeftShoulder
				{
					OFFSET 0.078845 0.121749 -0.034090
					CHANNELS 3 Zrotation Yrotation Xrotation
					JOINT LeftArm
					{
						OFFSET 0.090977 0.030469 -0.008868
						CHANNELS 3 Zrotation Yrotation Xrotation
						JOINT LeftForeArm
						{
							OFFSET 0.259612 -0.012772 -0.027456
							CHANNELS 3 Zrotation Yrotation Xrotation
							JOINT LeftHand
							{
								OFFSET 0.249234 0.008986 -0.001171
								CHANNELS 3 Zrotation Yrotation Xrotation
								End Site
								{
									OFFSET 0.000000 0.000000 0.000000
								}
							}
						}
					}
				}
				JOINT RightShoulder
				{
					OFFSET -0.081759 0.118833 -0.038615
					CHANNELS 3 Zrotation Yrotation Xrotation
					JOINT RightArm
					{
						OFFSET -0.096012 0.032551 -0.009143
						CHANNELS 3 Zrotation Yrotation Xrotation
						JOINT RightForeArm
						{
							OFFSET -0.253742 -0.013329 -0.021401
							CHANNELS 3 Zrotation Yrotation Xrotation
							JOINT RightHand
							{
								OFFSET -0.255298 0.007772 -0.005559
								CHANNELS 3 Zrotation Yrotation Xrotation
								End Site
								{
									OFFSET 0.000000 0.000000 0.000000
								}
							}
						}
					}
				}
			}
		}
	}
}
MOTION
Frames: 196
Frame Time: 0.050000
0.000000 0.927217 0.000000 -2.044368 -5.180922 -4.926221 6.440427 0.247733 4.086209 -5.589741 0.794508 5.135108 5.674243 12.206451 1.409386 0.000000 0.000000 0.000000 -1.906592 -0.173510 2.776638 7.138190 -0.822047 8.549128 -7.983876 -19.546041 5.374826 0.000000 0.000000 0.000000 -2.399017 -0.182414 10.524963 4.084214 -0.894138 -18.417025 1.177114 2.312487 24.139123 -1.635826 2.377231 -23.783194 0.000000 0.000000 0.000000 -30.257290 -4.474401 1.308156 -44.796202 -10.571136 -3.585816 -17.301762 -29.817603 6.151577 0.000000 0.000000 0.000000 21.155890 10.856700 4.541537 52.536117 6.421879 -4.413869 11.755841 26.568801 3.652738 0.000000 0.000000 0.000000 
-0.000113 0.927422 0.000419 -2.472757 -6.090684 -4.825818 6.849604 0.274337 4.482895 -5.610695 0.802438 4.631021 6.007794 12.914976 1.535825 0.000000 0.000000 0.000000 -1.368933 -0.263207 3.661334 6.839796 -0.732311 6.802854 -7.505234 -18.567849 5.288697 0.000000 0.000000 0.000000 -2.146610 -0.203596 11.044784 3.544468 -0.794635 -17.810366 2.689141 2.435576 22.902027 -3.074924 3.194595 -24.987148 0.000000 0.000000 0.000000 -31.060137 -4.790504 1.621181 -44.611581 -10.025702 -3.711686 -17.941454 -29.387109 6.225189 0.000000 0.000000 0.000000 19.339469 10.968011 4.373447 53.977793 5.636682 -4.708452 11.613250 26.887917 3.642559 0.000000 0.000000 0.000000 
-0.000120 0.927757 0.000507 -2.354575 -5.876159 -4.716312 6.881254 0.261019 4.331798 -5.864284 0.841197 4.597630 5.890547 12.689258 1.689497 0.000000 0.000000 0.000000 -1.563559 -0.234566 3.413334 6.998293 -0.763133 7.029492 -7.589356 -18.756043 5.443233 0.000000 0.000000 0.000000 -2.077815 -0.219567 11.754460 3.910315 -0.787469 -19.568407 2.705376 2.171568 23.883888 -3.802191 3.612141 -25.838460 0.000000 0.000000 0.000000 -32.007698 -4.568654 1.557729 -43.863403 -10.088237 -3.776817 -17.218111 -28.361622 5.803420 0.000000 0.000000 0.000000 19.736182 11.286620 4.546201 53.236938 5.033610 -5.005428 11.427499 26.643701 3.546905 0.000000 0.000000 0.000000 
-0.000285 0.927916 0.000551 -2.463634 -6.392362 -5.050868 7.291993 0.288076 4.755963 -6.398249 0.945329 4.678340 6.007210 12.953048 1.844358 0.000000 0.000000 0.000000 -1.477517 -0.278074 3.953140 6.956682 -0.742178 6.698549 -7.329962 -18.226063 5.393256 0.000000 0.000000 0.000000 -2.759534 -0.151600 12.671039 4.461624 -0.938498 -19.864579 3.337997 1.819177 23.634083 -4.938927 4.157470 -26.776311 0.000000 0.000000 0.000000 -32.612208 -3.748838 1.243854 -43.185384 -9.878157 -3.870592 -18.496205 -27.777250 6.022620 0.000000 0.000000 0.000000 19.280868 11.890969 4.652629 53.110210 4.670643 -5.088497 12.237174 26.791941 3.711241 0.000000 0.000000 0.000000 
-0.000535 0.927979 0.000779 -2.511479 -6.702628 -5.115161 7.268321 0.294691 4.682650 -6.280503 0.943550 5.067485 6.148522 13.243646 1.878910 0.000000 0.000000 0.000000 -1.540073 -0.272482 3.960233 7.123798 -0.760376 6.815561 -7.188541 -17.938642 5.366830 0.000000 0.000000 0.000000 -2.545833 -0.172057 13.350198 4.521238 -0.957188 -19.927880 3.284922 2.105556 23.205060 -4.748042 4.064763 -27.074510 0.000000 0.000000 0.000000 -32.181529 -3.941644 1.310703 -43.403672 -9.177091 -4.053282 -18.850289 -27.647647 6.067014 0.000000 0.000000 0.000000 19.536038 11.241611 4.318910 52.889695 4.715108 -5.011311 12.478740 27.248749 3.838988 0.000000 0.000000 0.000000 
-0.000755 0.927578 0.001622 -2.681727 -6.599971 -4.917558 7.597999 0.282043 4.687762 -6.505173 0.971084 4.790083 6.106872 13.138681 1.688524 0.000000 0.000000 0.000000 -1.415534 -0.268264 3.799720 7.274314 -0.785852 6.865810 -7.242322 -18.043024 5.323822 0.000000 0.000000 0.000000 -2.461911 -0.183606 13.461495 4.780254 -0.995441 -20.350138 3.333333 1.759424 23.438653 -5.104506 4.218992 -27.436724 0.000000 0.000000 0.000000 -32.096297 -3.794617 1.331996 -43.624876 -8.674534 -4.286393 -19.131401 -27.381593 6.091709 0.000000 0.000000 0.000000 19.455601 11.500240 4.390486 52.659761 4.451859 -5.107527 12.204453 27.616804 3.820019 0.000000 0.000000 0.000000 
-0.001026 0.927817 0.003079 -2.782682 -6.519359 -4.707291 7.648560 0.271011 4.586103 -6.381198 0.945401 4.728738 6.090230 13.104902 1.713245 0.000000 0.000000 0.000000 -1.226668 -0.262705 3.589524 7.166891 -0.773659 7.023944 -7.284228 -18.143905 5.450338 0.000000 0.000000 0.000000 -2.339446 -0.197937 13.439588 4.835763 -1.009034 -20.330569 3.206340 1.519066 23.259480 -4.781813 4.007377 -27.133378 0.000000 0.000000 0.000000 -32.139011 -3.462482 1.169106 -43.357272 -8.066241 -4.484107 -19.473913 -27.354414 6.178590 0.000000 0.000000 0.000000 19.642011 11.197156 4.178014 52.487006 4.220907 -5.167131 12.116840 28.225061 3.885832 0.000000 0.000000 0.000000 
-0.001295 0.927275 0.004964 -2.858196 -6.159055 -4.475418 7.868271 0.246372 4.405899 -6.559965 0.968032 4.737483 5.975313 12.831945 1.421658 0.000000 0.000000 0.000000 -1.184990 -0.267647 3.592507 7.319689 -0.802729 6.846667 -7.439357 -18.448186 5.379530 0.000000 0.000000 0.000000 -2.352097 -0.199812 13.207049 4.944331 -1.036583 -20.225499 2.976304 1.579055 23.086324 -4.438003 3.852985 -27.098565 0.000000 0.000000 0.000000 -32.033976 -3.710922 1.210230 -43.283342 -7.539856 -4.597627 -19.467332 -27.371548 6.162197 0.000000 0.000000 0.000000 19.701936 10.785203 4.035924 52.497643 4.045987 -5.239575 12.502010 28.788730 4.086572 0.000000 0.000000 0.000000 
-0.001589 0.926844 0.006823 -2.881819 -5.933144 -4.393340 7.872624 0.238964 4.416459 -6.472936 0.947782 4.727370 5.919461 12.687961 1.187266 0.000000 0.000000 0.000000 -1.180196 -0.282875 3.758093 7.408976 -0.818636 6.648375 -7.531490 -18.623538 5.284726 0.000000 0.000000 0.000000 -2.385372 -0.198616 13.137265 4.821836 -0.981480 -20.418450 3.081236 1.375255 23.179849 -4.433720 3.835001 -27.231488 0.000000 0.000000 0.000000 -32.196219 -3.557122 1.136491 -43.178067 -7.483139 -4.627255 -19.263363 -27.396198 6.121557 0.000000 0.000000 0.000000 19.599381 10.650107 3.944870 52.273223 3.941012 -5.268788 12.534835 29.107733 4.141661 0.000000 0.000000 0.000000 
-0.001844 0.926556 0.008452 -2.903799 -5.701626 -4.343703 7.848216 0.229057 4.312344 -6.334911 0.925742 4.951110 5.868394 12.553920 0.987193 0.000000 0.000000 0.000000 -1.207295 -0.295417 3.910837 7.550359 -0.842980 6.504299 -7.616351 -18.792616 5.254686 0.000000 0.000000 0.000000 -2.422033 -0.197024 13.054007 4.765792 -0.955691 -20.469559 2.993348 1.494698 23.235162 -4.327041 3.814617 -27.233581 0.000000 0.000000 0.000000 -32.341373 -3.654481 1.082982 -42.880670 -7.337089 -4.615646 -19.219466 -27.350668 6.079036 0.000000 0.000000 0.000000 19.662991 10.628019 4.009679 52.242233 3.921800 -5.289902 12.080755 29.464254 4.103235 0.000000 0.000000 0.000000 
-0.002061 0.926567 0.009998 -2.853828 -5.624858 -4.306491 7.732010 0.223026 4.128030 -6.203315 0.913155 5.358501 5.868273 12.545509 0.946917 0.000000 0.000000 0.000000 -1.218014 -0.309276 4.086121 7.489166 -0.832240 6.305029 -7.640889 -18.838327 5.239841 0.000000 0.000000 0.000000 -2.529962 -0.185179 13.006861 4.763418 -0.954586 -20.446230 2.949664 1.610885 23.150315 -4.307728 3.827220 -27.248595 0.000000 0.000000 0.000000 -32.559925 -3.814451 1.113158 -42.679986 -7.297192 -4.581220 -19.093039 -27.479445 6.064278 0.000000 0.000000 0.000000 19.701735 10.830522 4.161300 52.058399 4.076816 -5.202099 12.080174 29.523122 4.117399 0.000000 0.000000 0.000000 
-0.002200 0.926410 0.011692 -2.756578 -5.513226 -4.228631 7.613666 0.213326 3.879698 -6.166707 0.917092 5.799010 5.857333 12.508527 0.865315 0.000000 0.000000 0.000000 -1.210853 -0.313157 4.122013 7.308604 -0.808245 6.290477 -7.711198 -18.970641 5.144898 0.000000 0.000000 0.000000 -2.598762 -0.177049 12.850605 4.742316 -0.938098 -20.538570 2.876205 1.609506 23.147379 -3.938101 3.626209 -27.044056 0.000000 0.000000 0.000000 -32.750985 -3.755206 1.038580 -42.642292 -7.173758 -4.609010 -19.179882 -27.468702 6.082566 0.000000 0.000000 0.000000 19.574728 11.103748 4.323140 52.055703 4.251613 -5.125429 11.915662 29.728544 4.110273 0.000000 0.000000 0.000000 
-0.002184 0.926374 0.013482 -2.730072 -5.311243 -4.268890 7.499451 0.213537 3.949936 -5.995821 0.884845 5.901102 5.797355 12.370289 0.775195 0.000000 0.000000 0.000000 -1.127482 -0.349683 4.488580 7.116970 -0.780472 5.947678 -7.781219 -19.113274 5.157637 0.000000 0.000000 0.000000 -2.692668 -0.169301 12.735370 4.821397 -0.949698 -20.622690 2.739858 1.539318 23.187091 -3.723807 3.511505 -26.804770 0.000000 0.000000 0.000000 -32.994111 -3.714699 0.978120 -42.542311 -6.974582 -4.662769 -19.209751 -27.378577 6.065439 0.000000 0.000000 0.000000 19.647096 11.271701 4.434404 52.042095 4.487533 -5.032833 11.787132 29.785585 4.091839 0.000000 0.000000 0.000000 
-0.002002 0.925976 0.015071 -2.612727 -5.169227 -4.256864 7.403097 0.209921 3.885368 -6.064040 0.900322 6.122406 5.763375 12.275843 0.614498 0.000000 0.000000 0.000000 -1.107238 -0.361802 4.609931 6.845159 -0.744067 5.902907 -7.876203 -19.289994 4.979571 0.000000 0.000000 0.000000 -2.796060 -0.158411 12.637750 4.779341 -0.938360 -20.546695 2.620167 1.427912 23.047400 -3.205037 3.207830 -26.629166 0.000000 0.000000 0.000000 -33.125321 -3.717281 0.983337 -42.538552 -6.580793 -4.783556 -19.259846 -27.715623 6.160894 0.000000 0.000000 0.000000 19.634876 11.461818 4.523915 52.070224 4.597967 -4.970392 11.980275 30.089338 4.184835 0.000000 0.000000 0.000000 
-0.001606 0.925860 0.016216 -2.660743 -5.225319 -4.214680 7.289869 0.208894 3.780194 -5.845595 0.868886 6.390264 5.829605 12.398474 0.505711 0.000000 0.000000 0.000000 -1.105945 -0.364732 4.650731 6.860156 -0.744595 5.882566 -7.849114 -19.232610 4.961861 0.000000 0.000000 0.000000 -2.812848 -0.154972 12.501382 4.881292 -0.950465 -20.766721 2.643123 1.533756 23.232441 -3.215682 3.227383 -26.755621 0.000000 0.000000 0.000000 -33.173615 -3.600124 0.871846 -42.844773 -6.367425 -4.882963 -19.585872 -27.559870 6.211854 0.000000 0.000000 0.000000 19.535911 11.542611 4.591042 52.257224 4.889183 -4.884401 11.771240 30.227937 4.163124 0.000000 0.000000 0.000000 
-0.001085 0.925786 0.016928 -2.703875 -5.269568 -4.114041 7.144838 0.202583 3.556215 -5.596222 0.831481 6.696155 5.899419 12.530391 0.415042 0.000000 0.000000 0.000000 -1.038953 -0.355741 4.496104 6.750557 -0.729514 6.042738 -7.851108 -19.235002 4.949998 0.000000 0.000000 0.000000 -2.845739 -0.150115 12.411583 5.002334 -0.980077 -20.841784 2.740942 1.557972 23.247695 -2.936689 3.064862 -26.545324 0.000000 0.000000 0.000000 -33.366048 -3.473840 0.771138 -43.069210 -5.760381 -5.099098 -19.683660 -27.734590 6.282579 0.000000 0.000000 0.000000 19.528804 11.701998 4.676187 52.216397 4.918153 -4.865857 11.494319 30.296865 4.101951 0.000000 0.000000 0.000000 
-0.000522 0.925728 0.017518 -2.667791 -5.289128 -4.071155 7.065766 0.198028 3.403034 -5.607337 0.840337 6.948620 5.925216 12.578900 0.380878 0.000000 0.000000 0.000000 -1.048020 -0.347337 4.404880 6.621747 -0.711673 6.179333 -7.863634 -19.256926 4.918273 0.000000 0.000000 0.000000 -2.872069 -0.145866 12.286357 5.087519 -0.999695 -20.888964 2.753342 1.653697 23.330503 -2.666612 2.924792 -26.578287 0.000000 0.000000 0.000000 -33.343228 -3.285893 0.603398 -43.543657 -5.214253 -5.322158 -20.230485 -27.980178 6.494912 0.000000 0.000000 0.000000 19.584815 11.672458 4.687012 52.158639 4.950395 -4.859639 11.314727 30.502500 4.093472 0.000000 0.000000 0.000000 
-0.000034 0.925612 0.018176 -2.722791 -5.403445 -3.983395 7.031974 0.196210 3.314555 -5.535646 0.831846 7.056302 5.996892 12.721112 0.309387 0.000000 0.000000 0.000000 -0.973172 -0.356794 4.475254 6.504501 -0.689739 5.954291 -7.813474 -19.149217 4.879058 0.000000 0.000000 0.000000 -2.905855 -0.140455 12.355258 5.199332 -1.017922 -21.061923 3.016212 1.907094 23.297708 -2.617509 2.926042 -26.581094 0.000000 0.000000 0.000000 -33.425563 -2.980775 0.296895 -43.848175 -4.614035 -5.525694 -20.582023 -28.111101 6.621940 0.000000 0.000000 0.000000 19.435680 11.696549 4.741899 52.223001 4.925471 -4.878553 11.183718 30.694774 4.099001 0.000000 0.000000 0.000000 
0.000386 0.925528 0.018831 -2.713493 -5.389721 -3.951362 7.011019 0.195991 3.324326 -5.572459 0.838216 7.045969 5.996647 12.714578 0.259510 0.000000 0.000000 0.000000 -0.917250 -0.374852 4.649961 6.329402 -0.662380 5.656096 -7.814631 -19.148173 4.855314 0.000000 0.000000 0.000000 -2.982046 -0.132391 12.410626 5.375802 -1.066247 -21.053370 3.133700 2.037306 23.168950 -2.666242 2.973496 -26.495178 0.000000 0.000000 0.000000 -33.508257 -2.528963 -0.101896 -44.050745 -4.077342 -5.699149 -20.685999 -28.135146 6.655839 0.000000 0.000000 0.000000 19.462288 11.632676 4.740913 51.986757 4.842263 -4.889364 10.841789 30.729285 4.017155 0.000000 0.000000 0.000000 
0.000744 0.925267 0.019357 -2.770008 -5.453448 -4.013484 7.187286 0.194421 3.279575 -5.821019 0.894605 7.340095 6.018141 12.746244 0.151856 0.000000 0.000000 0.000000 -0.994519 -0.395423 4.964557 6.501307 -0.681791 5.283323 -7.752334 -19.015663 4.805346 0.000000 0.000000 0.000000 -3.047787 -0.125858 12.609798 5.434449 -1.071550 -21.208273 3.484983 2.161919 23.188310 -2.810967 3.072049 -26.671355 0.000000 0.000000 0.000000 -33.533409 -2.150274 -0.409178 -44.371487 -3.616412 -5.885505 -20.778267 -28.241058 6.715771 0.000000 0.000000 0.000000 19.328494 11.432879 4.648293 51.932425 4.601424 -4.994311 10.887736 31.023127 4.078685 0.000000 0.000000 0.000000 
0.001061 0.925098 0.019657 -2.804433 -5.591765 -4.052593 7.114872 0.196313 3.203196 -5.695521 0.881610 7.638923 6.102138 12.915324 0.074190 0.000000 0.000000 0.000000 -0.962105 -0.416994 5.214866 6.430640 -0.666099 4.941727 -7.678986 -18.858057 4.741075 0.000000 0.000000 0.000000 -3.072683 -0.121734 12.679123 5.533505 -1.086306 -21.387294 3.759998 2.397779 23.425599 -2.884226 3.140297 -26.733523 0.000000 0.000000 0.000000 -33.460264 -1.855545 -0.668593 -44.505354 -3.316931 -6.005349 -20.782433 -28.276686 6.728842 0.000000 0.000000 0.000000 19.247667 11.130359 4.528369 51.819439 4.503672 -5.059334 11.065683 31.350776 4.189710 0.000000 0.000000 0.000000 
0.001347 0.924926 0.019752 -2.870070 -5.639965 -4.130804 7.189791 0.192203 3.041970 -5.735737 0.903525 8.117236 6.138662 12.979800 -0.011151 0.000000 0.000000 0.000000 -0.954665 -0.432652 5.402875 6.491147 -0.671996 4.778515 -7.642083 -18.779422 4.714811 0.000000 0.000000 0.000000 -3.072763 -0.122385 12.863535 5.569844 -1.102631 -21.328902 4.086379 2.482041 23.304602 -3.076293 3.259733 -26.964434 0.000000 0.000000 0.000000 -33.653669 -1.492528 -0.973151 -44.569984 -2.982466 -6.109218 -20.717151 -28.098080 6.666684 0.000000 0.000000 0.000000 19.019743 10.974771 4.443403 52.027235 4.389635 -5.115479 10.730509 31.535689 4.131957 0.000000 0.000000 0.000000 
0.001569 0.924825 0.019699 -2.950338 -5.785971 -4.126712 7.273366 0.192491 2.984922 -5.780049 0.919957 8.264956 6.202713 13.112497 -0.050228 0.000000 0.000000 0.000000 -0.913021 -0.448707 5.578754 6.509710 -0.668214 4.448773 -7.558772 -18.605136 4.698710 0.000000 0.000000 0.000000 -3.061755 -0.122155 13.083941 5.626455 -1.101121 -21.562297 4.272586 2.719437 23.372982 -3.046602 3.271284 -27.067326 0.000000 0.000000 0.000000 -33.701078 -1.254832 -1.217230 -44.534798 -2.645419 -6.203503 -20.757108 -27.916601 6.624090 0.000000 0.000000 0.000000 18.964471 10.536942 4.250292 52.020285 4.302072 -5.172245 10.865933 31.862511 4.234518 0.000000 0.000000 0.000000 
0.001766 0.924841 0.019550 -3.088135 -5.936144 -4.126135 7.430464 0.192675 2.934864 -5.835930 0.938689 8.407029 6.261578 13.237006 -0.061249 0.000000 0.000000 0.000000 -0.881978 -0.454003 5.629918 6.662095 -0.683965 4.344296 -7.469228 -18.427089 4.751090 0.000000 0.000000 0.000000 -3.002817 -0.127664 13.276307 5.597389 -1.096329 -21.562650 4.557059 2.830271 23.279571 -3.128281 3.321499 -27.061474 0.000000 0.000000 0.000000 -33.944139 -0.917366 -1.499946 -44.431088 -2.595914 -6.193333 -20.599181 -27.664675 6.516826 0.000000 0.000000 0.000000 18.824946 10.269457 4.103507 52.182331 4.199254 -5.222067 10.715859 32.008202 4.219086 0.000000 0.000000 0.000000 
0.001986 0.924951 0.019338 -3.127029 -5.902696 -4.112736 7.438469 0.188288 2.840430 -5.793070 0.932110 8.515753 6.255437 13.222929 -0.047520 0.000000 0.000000 0.000000 -0.862773 -0.460412 5.685659 6.685387 -0.685782 4.197178 -7.463411 -18.425411 4.836168 0.000000 0.000000 0.000000 -2.993794 -0.129455 13.265873 5.660063 -1.105306 -21.648056 4.583720 2.962635 23.450563 -3.162189 3.365603 -26.943032 0.000000 0.000000 0.000000 -34.047148 -0.899891 -1.587356 -44.219155 -2.571532 -6.168178 -20.640701 -27.606549 6.503073 0.000000 0.000000 0.000000 18.991707 9.998054 4.012051 52.223809 4.098485 -5.297945 10.737474 32.294738 4.288206 0.000000 0.000000 0.000000 
0.002205 0.924959 0.019128 -3.154234 -6.004929 -4.127015 7.454538 0.188994 2.785973 -5.811036 0.942369 8.649674 6.297594 13.314716 -0.033691 0.000000 0.000000 0.000000 -0.903276 -0.445349 5.548477 6.765559 -0.697050 4.437444 -7.428784 -18.353511 4.826143 0.000000 0.000000 0.000000 -3.026405 -0.124549 13.301986 5.644236 -1.103530 -21.646541 4.792226 3.032987 23.547169 -3.161806 3.365924 -26.776235 0.000000 0.000000 0.000000 -34.239033 -0.845497 -1.640490 -44.099222 -2.565410 -6.164159 -20.559033 -27.711989 6.509643 0.000000 0.000000 0.000000 18.916853 9.904473 3.963556 52.241877 4.013647 -5.346517 11.034513 32.714206 4.441086 0.000000 0.000000 0.000000 
0.002417 0.924898 0.018922 -3.166152 -5.993363 -4.189746 7.445195 0.191493 2.832481 -5.789307 0.937963 8.664475 6.295483 13.305792 -0.075597 0.000000 0.000000 0.000000 -0.861041 -0.443847 5.490422 6.694567 -0.690999 4.643329 -7.451736 -18.397659 4.799345 0.000000 0.000000 0.000000 -3.093784 -0.117586 13.374144 5.644432 -1.095541 -21.744956 4.827212 2.963369 23.591440 -3.219556 3.388784 -26.798909 0.000000 0.000000 0.000000 -34.171559 -0.703661 -1.707178 -44.044238 -2.593290 -6.159360 -20.718393 -27.609845 6.528412 0.000000 0.000000 0.000000 18.897206 9.798983 3.890197 52.322012 3.872989 -5.415348 11.540818 33.010777 4.631386 0.000000 0.000000 0.000000 
0.002578 0.924951 0.018709 -3.122903 -6.123183 -4.220067 7.399901 0.196579 2.863416 -5.834590 0.951153 8.670620 6.336467 13.403128 -0.012248 0.000000 0.000000 0.000000 -0.917692 -0.430659 5.395420 6.667631 -0.686919 4.824692 -7.412197 -18.310938 4.761441 0.000000 0.000000 0.000000 -3.239088 -0.098671 13.407953 5.722954 -1.115170 -21.794649 4.850766 3.021879 23.682001 -3.104457 3.320842 -26.684539 0.000000 0.000000 0.000000 -34.095049 -0.685072 -1.695929 -43.923470 -2.834531 -6.076536 -20.658824 -27.598214 6.511358 0.000000 0.000000 0.000000 18.822033 9.913805 3.945881 52.414100 3.995705 -5.379541 11.720885 33.421399 4.752864 0.000000 0.000000 0.000000 
0.002675 0.924967 0.018548 -3.095174 -6.280678 -4.317790 7.297439 0.209103 3.047497 -5.747267 0.934153 8.559388 6.393315 13.533231 0.019256 0.000000 0.000000 0.000000 -0.965769 -0.421308 5.341368 6.653212 -0.684718 5.073910 -7.362549 -18.200971 4.705710 0.000000 0.000000 0.000000 -3.398369 -0.078187 13.446498 5.795563 -1.146028 -21.703634 4.924090 3.142960 23.738122 -3.154777 3.355043 -26.657534 0.000000 0.000000 0.000000 -33.886454 -0.753456 -1.634314 -43.956149 -3.057116 -6.007820 -20.467638 -27.692979 6.483848 0.000000 0.000000 0.000000 18.729865 10.161736 4.080416 52.484246 4.289024 -5.265143 11.638150 33.553762 4.751982 0.000000 0.000000 0.000000 
0.002744 0.924976 0.018437 -3.111934 -6.503215 -4.356995 7.227049 0.219208 3.153723 -5.643873 0.917266 8.507758 6.483829 13.734658 0.050315 0.000000 0.000000 0.000000 -1.024324 -0.404519 5.209762 6.734150 -0.693886 5.353087 -7.281552 -18.027733 4.659166 0.000000 0.000000 0.000000 -3.456357 -0.068504 13.393803 5.844799 -1.167991 -21.656542 4.934780 3.293150 23.847955 -3.031694 3.290367 -26.605594 0.000000 0.000000 0.000000 -33.762135 -0.758461 -1.621881 -43.905654 -3.388426 -5.897037 -20.452683 -27.610082 6.457910 0.000000 0.000000 0.000000 18.937508 10.418064 4.228802 52.340621 4.675504 -5.097474 11.482213 33.650469 4.722764 0.000000 0.000000 0.000000 
0.002848 0.924960 0.018383 -3.103303 -6.687166 -4.405411 7.140163 0.230118 3.288190 -5.557047 0.901637 8.412332 6.555580 13.897046 0.075938 0.000000 0.000000 0.000000 -1.012225 -0.397048 5.127903 6.645051 -0.680184 5.568678 -7.227437 -17.905640 4.589700 0.000000 0.000000 0.000000 -3.478467 -0.062569 13.436788 5.870730 -1.183747 -21.573418 4.984800 3.306738 23.828843 -3.144360 3.339838 -26.659342 0.000000 0.000000 0.000000 -33.691868 -0.849415 -1.499993 -43.799289 -3.580568 -5.835274 -20.372235 -28.013439 6.543152 0.000000 0.000000 0.000000 18.899185 10.917754 4.464155 52.406746 5.166998 -4.883220 10.986985 33.742872 4.582259 0.000000 0.000000 0.000000 
0.003048 0.924881 0.018346 -3.070723 -6.858165 -4.503622 7.086021 0.242160 3.441107 -5.577319 0.909152 8.373174 6.613846 14.028086 0.084627 0.000000 0.000000 0.000000 -0.997227 -0.401028 5.186646 6.491904 -0.656538 5.630894 -7.175467 -17.782596 4.492166 0.000000 0.000000 0.000000 -3.583087 -0.047703 13.498703 5.898808 -1.197095 -21.548122 5.061207 3.124958 23.827910 -3.171152 3.310799 -26.826304 0.000000 0.000000 0.000000 -33.715152 -0.801205 -1.403053 -43.859699 -3.825513 -5.799779 -20.301024 -28.471521 6.657887 0.000000 0.000000 0.000000 18.743187 11.410203 4.639597 52.254680 5.583899 -4.675715 10.759958 33.676493 4.476810 0.000000 0.000000 0.000000 
0.003356 0.924798 0.018256 -3.095790 -7.136579 -4.571489 7.002929 0.255074 3.558834 -5.474557 0.895120 8.377399 6.730924 14.284979 0.084264 0.000000 0.000000 0.000000 -1.094686 -0.399569 5.290578 6.610754 -0.666212 5.542879 -7.046943 -17.506308 4.430201 0.000000 0.000000 0.000000 -3.671696 -0.032329 13.612355 5.925033 -1.205052 -21.598613 5.266438 3.048741 23.822737 -3.278893 3.335607 -27.075127 0.000000 0.000000 0.000000 -33.833633 -0.787326 -1.306403 -43.852821 -4.173601 -5.715846 -20.332603 -28.789351 6.762741 0.000000 0.000000 0.000000 18.463425 11.920404 4.828197 52.089742 6.052953 -4.445613 10.547951 33.592214 4.375323 0.000000 0.000000 0.000000 
0.003749 0.924572 0.018032 -3.068978 -7.247334 -4.707976 6.861035 0.266635 3.686963 -5.341462 0.871734 8.420296 6.789188 14.408514 0.004487 0.000000 0.000000 0.000000 -1.091511 -0.403945 5.359018 6.483383 -0.647949 5.647925 -7.025269 -17.440391 4.304277 0.000000 0.000000 0.000000 -3.772642 -0.018809 13.688902 6.001002 -1.240350 -21.463117 5.221590 2.930489 23.741159 -3.054528 3.181999 -27.239271 0.000000 0.000000 0.000000 -33.902720 -0.855417 -1.180104 -43.749896 -4.590929 -5.583803 -20.004361 -29.137768 6.767216 0.000000 0.000000 0.000000 18.401742 12.396247 5.022213 51.838974 6.501609 -4.219998 10.284956 33.397959 4.247803 0.000000 0.000000 0.000000 
0.004166 0.924587 0.017724 -3.064604 -7.419128 -4.760100 6.883900 0.278363 3.858129 -5.465309 0.896083 8.226323 6.833197 14.512178 0.038493 0.000000 0.000000 0.000000 -1.271372 -0.396902 5.460608 6.705660 -0.673091 5.505334 -6.925155 -17.233838 4.313242 0.000000 0.000000 0.000000 -3.811895 -0.011231 13.719379 5.932710 -1.222950 -21.489953 5.406840 2.740902 23.803891 -3.206080 3.223319 -27.603022 0.000000 0.000000 0.000000 -34.070161 -0.904217 -1.012542 -43.929908 -5.157379 -5.460060 -19.724550 -29.090760 6.701793 0.000000 0.000000 0.000000 18.078054 12.727175 5.103168 51.731943 6.877179 -4.042339 10.396653 33.005030 4.195312 0.000000 0.000000 0.000000 
0.004542 0.924501 0.017374 -3.073760 -7.581146 -4.789686 6.762260 0.291757 4.044998 -5.313443 0.861448 7.962144 6.904348 14.670612 0.007749 0.000000 0.000000 0.000000 -1.165944 -0.406298 5.506981 6.463187 -0.636942 5.423154 -6.877001 -17.118625 4.235382 0.000000 0.000000 0.000000 -3.901237 0.003864 13.853569 6.058685 -1.256260 -21.520210 5.445775 2.653523 23.726407 -2.951995 3.055996 -27.888152 0.000000 0.000000 0.000000 -34.397431 -0.692498 -1.111773 -43.782440 -5.486480 -5.351864 -19.584774 -28.744763 6.583297 0.000000 0.000000 0.000000 18.059883 12.914209 5.144584 51.458690 6.940802 -3.976728 10.627136 32.430519 4.150891 0.000000 0.000000 0.000000 
0.004854 0.924621 0.017085 -3.161584 -7.720924 -4.869355 6.726816 0.312184 4.401055 -5.141214 0.817539 7.513778 6.948492 14.775845 0.019661 0.000000 0.000000 0.000000 -1.043701 -0.432302 5.748785 6.344268 -0.617168 5.114331 -6.795827 -16.956479 4.291995 0.000000 0.000000 0.000000 -3.907269 0.008914 14.099678 6.113252 -1.276398 -21.501452 5.500070 2.474045 23.592370 -2.996943 3.044986 -28.217385 0.000000 0.000000 0.000000 -34.852217 -0.604553 -1.098843 -43.639748 -5.788178 -5.262676 -19.510317 -28.189247 6.432038 0.000000 0.000000 0.000000 17.896724 13.138790 5.182467 51.561796 7.225424 -3.840630 10.448410 31.676282 3.970338 0.000000 0.000000 0.000000 
0.005110 0.924706 0.016858 -3.152214 -7.954583 -5.036399 6.595641 0.338888 4.763452 -4.995897 0.786678 7.234521 7.025745 14.957685 0.085246 0.000000 0.000000 0.000000 -1.121719 -0.429020 5.817619 6.379586 -0.618545 5.261822 -6.696932 -16.746602 4.270999 0.000000 0.000000 0.000000 -4.089062 0.037514 14.357557 6.309785 -1.360147 -21.230800 5.504176 2.500712 23.155026 -2.695280 2.870227 -28.618870 0.000000 0.000000 0.000000 -34.823765 -0.426734 -1.196314 -43.861560 -5.766972 -5.268429 -19.339497 -27.822665 6.301582 0.000000 0.000000 0.000000 17.720613 13.154129 5.135807 51.665709 6.976557 -3.900592 10.731165 31.023898 3.934147 0.000000 0.000000 0.000000 
0.005320 0.924955 0.016683 -3.161439 -8.050647 -5.019454 6.517734 0.356975 5.081286 -4.887573 0.753308 6.639197 7.042095 15.007669 0.189068 0.000000 0.000000 0.000000 -1.107896 -0.433058 5.873336 6.327512 -0.608856 5.090887 -6.637520 -16.637891 4.355827 0.000000 0.000000 0.000000 -4.165464 0.050284 14.418236 6.377051 -1.369245 -21.338903 5.444506 2.406980 23.162694 -2.519269 2.751291 -28.640636 0.000000 0.000000 0.000000 -34.895179 -0.037759 -1.423418 -44.032225 -5.678901 -5.333053 -19.309617 -27.069087 6.120750 0.000000 0.000000 0.000000 17.729403 12.843311 4.936788 51.675185 6.588731 -4.060530 11.228236 30.520481 3.980183 0.000000 0.000000 0.000000 
0.005495 0.925156 0.016520 -3.075089 -7.938899 -5.098025 6.288038 0.375814 5.389979 -4.647232 0.695416 6.161597 6.989653 14.904129 0.259144 0.000000 0.000000 0.000000 -1.194121 -0.425563 5.847262 6.317774 -0.610772 5.256360 -6.683245 -16.743991 4.418915 0.000000 0.000000 0.000000 -4.252291 0.059252 14.458844 6.430323 -1.408709 -21.067795 5.365689 2.280062 22.741889 -2.646925 2.818924 -29.156234 0.000000 0.000000 0.000000 -34.801397 0.441667 -1.761282 -44.298189 -5.513527 -5.385709 -19.591337 -26.541566 6.070321 0.000000 0.000000 0.000000 17.727441 12.610990 4.786503 51.787687 6.139416 -4.213977 11.713142 30.347929 4.070984 0.000000 0.000000 0.000000 
0.005573 0.925214 0.016361 -2.988388 -7.919843 -5.240232 6.128829 0.399880 5.745790 -4.530371 0.665848 5.757456 6.962219 14.855832 0.307947 0.000000 0.000000 0.000000 -1.242110 -0.435030 6.024181 6.225162 -0.599199 5.181891 -6.688760 -16.751944 4.406452 0.000000 0.000000 0.000000 -4.477420 0.090336 14.688086 6.547957 -1.438009 -21.104854 5.355328 2.187947 22.680851 -2.880325 2.934511 -29.312832 0.000000 0.000000 0.000000 -34.910239 0.766464 -1.980245 -44.228245 -5.194522 -5.492315 -19.658419 -26.199613 6.004349 0.000000 0.000000 0.000000 17.632361 12.452050 4.679059 52.039037 5.711311 -4.412080 12.006751 30.592701 4.183255 0.000000 0.000000 0.000000 
0.005611 0.925408 0.016142 -2.919707 -7.867619 -5.292791 6.061532 0.410134 5.909078 -4.531295 0.660728 5.504203 6.919115 14.771660 0.403347 0.000000 0.000000 0.000000 -1.330056 -0.434022 6.096930 6.254786 -0.603840 5.113474 -6.694070 -16.774248 4.470593 0.000000 0.000000 0.000000 -4.635686 0.111048 14.783528 6.587557 -1.449473 -21.095848 5.376441 2.037812 22.629480 -3.046935 3.014448 -29.989486 0.000000 0.000000 0.000000 -34.957815 1.179568 -2.243641 -44.346466 -5.148822 -5.527744 -19.675472 -25.746546 5.904422 0.000000 0.000000 0.000000 17.568328 12.167630 4.498174 52.168392 5.288568 -4.596083 12.610740 30.835562 4.373691 0.000000 0.000000 0.000000 
0.005622 0.925715 0.015768 -2.861298 -7.856016 -5.295845 5.979248 0.418853 6.032757 -4.493502 0.648939 5.218235 6.893463 14.728106 0.553612 0.000000 0.000000 0.000000 -1.339669 -0.426766 6.007128 6.168375 -0.593287 5.215999 -6.699800 -16.799766 4.548154 0.000000 0.000000 0.000000 -4.673035 0.115075 14.738354 6.621900 -1.450746 -21.171984 5.336050 2.012815 22.757267 -3.235400 3.112050 -30.085387 0.000000 0.000000 0.000000 -34.799410 1.333178 -2.329114 -44.324079 -5.146791 -5.536773 -19.650706 -25.722238 5.895546 0.000000 0.000000 0.000000 17.527403 11.943448 4.381298 52.350011 4.902070 -4.789987 12.882344 31.873851 4.622735 0.000000 0.000000 0.000000 
0.005669 0.925987 0.015308 -2.831084 -7.747638 -5.303135 5.876220 0.421584 6.071862 -4.350085 0.619225 5.061507 6.847925 14.635610 0.648094 0.000000 0.000000 0.000000 -1.385540 -0.415241 5.879214 6.218568 -0.602726 5.401874 -6.738454 -16.899866 4.660201 0.000000 0.000000 0.000000 -4.610053 0.102821 14.630491 6.542612 -1.430240 -21.139193 5.262603 2.049233 22.724010 -3.445195 3.241580 -30.463808 0.000000 0.000000 0.000000 -34.508617 1.311238 -2.338024 -44.506590 -5.045112 -5.567078 -19.560593 -26.150711 5.975374 0.000000 0.000000 0.000000 17.537562 11.872059 4.369165 52.222153 4.737897 -4.850065 14.038180 33.308071 5.202745 0.000000 0.000000 0.000000 
0.005771 0.926353 0.014780 -2.710496 -7.565604 -5.330737 5.677132 0.423827 6.068819 -4.204272 0.589448 4.963237 6.771466 14.479726 0.791309 0.000000 0.000000 0.000000 -1.483619 -0.414951 5.949067 6.190966 -0.601826 5.251336 -6.789092 -17.028469 4.800715 0.000000 0.000000 0.000000 -4.550686 0.092965 14.682531 6.449632 -1.382477 -21.348080 5.168859 2.012902 22.773136 -3.601257 3.333880 -30.538614 0.000000 0.000000 0.000000 -34.343631 1.364570 -2.394885 -44.497063 -5.222471 -5.495096 -19.548558 -26.745217 6.116606 0.000000 0.000000 0.000000 17.186841 11.633583 4.260188 52.031850 4.868854 -4.792709 15.644883 34.837995 5.972463 0.000000 0.000000 0.000000 
0.005899 0.926489 0.014224 -2.591132 -7.315514 -5.382511 5.590563 0.419246 6.020258 -4.240096 0.592332 4.977775 6.663072 14.249372 0.830582 0.000000 0.000000 0.000000 -1.621418 -0.416257 6.072570 6.246921 -0.613022 5.064424 -6.870989 -17.209558 4.883107 0.000000 0.000000 0.000000 -4.632216 0.096478 14.613497 6.481007 -1.379164 -21.433044 5.069839 2.074584 22.895393 -3.801862 3.472769 -30.833329 0.000000 0.000000 0.000000 -34.162210 1.327709 -2.438557 -44.456334 -5.550446 -5.361788 -19.457886 -27.361447 6.237842 0.000000 0.000000 0.000000 17.047733 11.547329 4.270267 51.688033 5.200349 -4.650789 17.334338 36.567284 6.882951 0.000000 0.000000 0.000000 
0.006024 0.926807 0.013627 -2.473104 -7.340565 -5.381380 5.412197 0.437303 6.226946 -4.168828 0.574534 4.503105 6.644378 14.229612 1.028664 0.000000 0.000000 0.000000 -1.765641 -0.413644 6.206067 6.260781 -0.611792 4.713250 -6.828458 -17.136308 4.972682 0.000000 0.000000 0.000000 -4.718908 0.105202 14.435757 6.387122 -1.357074 -21.403881 5.220201 2.090884 22.898906 -3.990353 3.566666 -30.829641 0.000000 0.000000 0.000000 -33.991486 1.414787 -2.479221 -44.546115 -5.779271 -5.288439 -19.596380 -28.261555 6.503768 0.000000 0.000000 0.000000 17.055903 11.708887 4.346141 51.277612 5.749519 -4.381954 18.891419 38.322811 7.793115 0.000000 0.000000 0.000000 
0.006126 0.926708 0.012998 -2.313920 -7.288820 -5.080060 5.243922 0.423763 5.990460 -4.204533 0.576460 4.200339 6.633814 14.208359 1.077601 0.000000 0.000000 0.000000 -1.907445 -0.389119 6.021610 6.233047 -0.605312 4.342629 -6.859965 -17.190299 4.912113 0.000000 0.000000 0.000000 -4.956016 0.131938 14.088571 6.412882 -1.341385 -21.585521 5.431031 2.066097 23.080183 -4.298052 3.719905 -30.902714 0.000000 0.000000 0.000000 -33.978680 1.446112 -2.484048 -44.359644 -5.935937 -5.231559 -19.943833 -29.057973 6.803636 0.000000 0.000000 0.000000 17.168595 11.949731 4.474631 51.044085 6.226855 -4.174890 20.498451 41.223916 9.090760 0.000000 0.000000 0.000000 
0.006220 0.926820 0.012338 -2.191655 -7.505614 -5.000356 5.004182 0.444456 6.148310 -4.073963 0.552296 3.704662 6.707563 14.382124 1.256961 0.000000 0.000000 0.000000 -1.996207 -0.373984 5.957734 6.117026 -0.585226 4.159872 -6.779240 -17.014011 4.856707 0.000000 0.000000 0.000000 -5.099273 0.152583 13.929320 6.500981 -1.360557 -21.655087 5.600455 2.221939 23.109163 -4.539502 3.845124 -31.135666 0.000000 0.000000 0.000000 -33.817905 1.641783 -2.616440 -44.431256 -5.847437 -5.260777 -20.486958 -29.605994 7.100697 0.000000 0.000000 0.000000 17.352920 11.845115 4.425379 50.987094 7.138270 -3.792907 22.382529 44.940775 10.860036 0.000000 0.000000 0.000000 
0.006295 0.926571 0.011683 -2.106351 -7.748421 -4.722669 4.818434 0.451838 6.146666 -3.984860 0.535250 3.125868 6.812268 14.609462 1.318292 0.000000 0.000000 0.000000 -2.152919 -0.348671 5.831227 6.200886 -0.586603 3.706175 -6.681704 -16.792255 4.729394 0.000000 0.000000 0.000000 -5.276564 0.178365 13.686471 6.595938 -1.361815 -21.896426 5.919653 2.175021 23.118563 -4.656013 3.868304 -31.406913 0.000000 0.000000 0.000000 -33.547893 1.620712 -2.478165 -44.527031 -5.566234 -5.388883 -21.174704 -30.042781 7.429365 0.000000 0.000000 0.000000 17.539444 12.317487 4.616827 51.103339 8.312660 -3.289869 25.037037 49.471167 13.396435 0.000000 0.000000 0.000000 
0.006280 0.926473 0.011021 -2.102730 -8.316120 -4.619039 4.692298 0.483222 6.410678 -3.877375 0.519661 2.519662 7.025222 15.075083 1.487601 0.000000 0.000000 0.000000 -2.115068 -0.334342 5.691406 6.036248 -0.556509 3.593481 -6.474306 -16.334371 4.559382 0.000000 0.000000 0.000000 -5.528646 0.218858 13.580296 6.881532 -1.436514 -21.983840 6.131900 2.146100 23.227551 -4.649094 3.808387 -31.691717 0.000000 0.000000 0.000000 -33.593768 2.095495 -2.663983 -44.262630 -5.090871 -5.570600 -21.603247 -30.659857 7.744669 0.000000 0.000000 0.000000 17.354295 12.372440 4.548131 51.374014 9.859995 -2.651776 29.465929 55.777967 17.864578 0.000000 0.000000 0.000000 
0.006206 0.926202 0.010293 -2.058023 -8.846409 -4.422573 4.622433 0.504800 6.573653 -3.940011 0.529947 1.882728 7.218821 15.494757 1.624398 0.000000 0.000000 0.000000 -2.207435 -0.307574 5.512539 6.046976 -0.546386 3.354308 -6.279650 -15.892041 4.355672 0.000000 0.000000 0.000000 -5.713159 0.251188 13.417126 7.098504 -1.478459 -22.154921 6.268190 1.973672 23.385702 -4.361328 3.586707 -31.965603 0.000000 0.000000 0.000000 -33.323079 2.254651 -2.530228 -44.269169 -4.479232 -5.845459 -22.051957 -31.385519 8.118817 0.000000 0.000000 0.000000 17.262034 12.841620 4.664985 51.791989 11.961415 -1.763619 35.797647 63.032415 24.778264 0.000000 0.000000 0.000000 
0.006073 0.926240 0.009505 -2.132386 -9.326620 -4.259995 4.581749 0.525104 6.739902 -3.801472 0.509873 1.318252 7.403733 15.890209 1.817463 0.000000 0.000000 0.000000 -2.198479 -0.278754 5.149774 6.125197 -0.547117 3.540797 -6.100501 -15.509498 4.285824 0.000000 0.000000 0.000000 -5.765694 0.259109 13.093854 7.297434 -1.578981 -21.718454 6.310144 1.863223 23.129140 -3.890350 3.288926 -32.188003 0.000000 0.000000 0.000000 -32.933063 2.239668 -2.323681 -44.317785 -3.776266 -6.106891 -22.155266 -32.566185 8.512664 0.000000 0.000000 0.000000 17.168585 13.125642 4.699177 52.242154 14.407669 -0.669705 46.462786 70.398444 36.461987 0.000000 0.000000 0.000000 
0.006011 0.926044 0.008735 -2.339814 -9.595568 -3.980169 4.709202 0.516033 6.654071 -3.678392 0.492222 0.969862 7.532644 16.158395 1.807730 0.000000 0.000000 0.000000 -2.050744 -0.264032 4.799090 6.249626 -0.555267 3.551327 -5.998393 -15.295714 4.257310 0.000000 0.000000 0.000000 -5.675667 0.251820 12.928662 7.504463 -1.585280 -22.146615 6.312676 1.539078 23.591278 -3.518782 3.033845 -32.509731 0.000000 0.000000 0.000000 -32.844060 2.398514 -2.201348 -44.642026 -3.307555 -6.403857 -22.587222 -33.432053 8.964793 0.000000 0.000000 0.000000 16.687285 13.535328 4.801137 52.655452 17.386227 0.599269 65.036814 76.198594 56.304532 0.000000 0.000000 0.000000 
0.005979 0.926076 0.007984 -2.330970 -9.622538 -3.891507 4.708765 0.517145 6.678875 -3.689235 0.492597 0.663133 7.531458 16.156870 1.892184 0.000000 0.000000 0.000000 -2.042284 -0.257896 4.704364 6.237872 -0.552533 3.449211 -5.986960 -15.276374 4.272478 0.000000 0.000000 0.000000 -5.754423 0.261334 12.866687 7.645194 -1.650815 -21.871338 6.216150 1.508465 23.270436 -3.238842 2.883733 -32.264129 0.000000 0.000000 0.000000 -32.500488 2.206406 -2.027059 -45.148054 -3.061142 -6.527300 -22.010024 -34.003195 8.957571 0.000000 0.000000 0.000000 16.458763 14.017532 5.022240 52.727599 20.237231 1.900358 94.003938 79.441420 87.071146 0.000000 0.000000 0.000000 
0.006036 0.926203 0.007316 -2.466974 -9.537202 -3.722763 4.862765 0.496339 6.515729 -3.687066 0.490871 0.560314 7.503565 16.092748 1.902609 0.000000 0.000000 0.000000 -1.788526 -0.266982 4.548536 6.078652 -0.535967 3.365119 -6.016940 -15.365660 4.385959 0.000000 0.000000 0.000000 -5.640016 0.246536 12.804089 7.637537 -1.616452 -22.132879 6.178964 1.298511 23.714603 -2.651998 2.556644 -31.943131 0.000000 0.000000 0.000000 -32.290266 2.209475 -1.919923 -45.688923 -2.824359 -6.741129 -22.171939 -35.940554 9.639344 0.000000 0.000000 0.000000 15.865862 14.163358 5.068676 52.823457 23.164301 3.155676 131.682856 78.753922 126.975993 0.000000 0.000000 0.000000 
0.006216 0.926551 0.006632 -2.447085 -9.291934 -3.680910 4.806010 0.485149 6.403922 -3.589627 0.474842 0.511602 7.405117 15.883336 1.995835 0.000000 0.000000 0.000000 -1.910791 -0.269394 4.680655 6.295349 -0.560443 2.977224 -6.055445 -15.500325 4.635025 0.000000 0.000000 0.000000 -5.609672 0.236118 12.717064 7.725353 -1.651528 -21.996017 5.982257 1.371533 23.843189 -2.196960 2.353680 -31.653044 0.000000 0.000000 0.000000 -31.913144 2.037097 -1.848937 -46.652693 -3.069854 -6.766480 -21.862166 -37.703678 10.089737 0.000000 0.000000 0.000000 15.551374 14.445893 5.263734 52.588127 25.814029 4.301821 153.176767 75.486603 150.802897 0.000000 0.000000 0.000000 
0.006466 0.926631 0.005893 -2.517624 -8.992501 -3.648798 4.943261 0.478491 6.476676 -3.654942 0.480268 0.163472 7.261585 15.584669 1.990723 0.000000 0.000000 0.000000 -1.854544 -0.283610 4.781539 6.373044 -0.571165 2.697650 -6.141889 -15.713409 4.808822 0.000000 0.000000 0.000000 -5.558004 0.221389 12.594365 7.722788 -1.664000 -21.834004 5.918052 1.386337 24.056140 -1.517768 2.011316 -30.928985 0.000000 0.000000 0.000000 -31.519191 1.712409 -1.655918 -47.775073 -2.944368 -6.948705 -22.642994 -40.397523 11.259269 0.000000 0.000000 0.000000 14.876463 14.721687 5.434819 52.709701 28.206239 5.376424 165.634453 71.292954 165.951738 0.000000 0.000000 0.000000 
0.006808 0.926903 0.004846 -2.485628 -9.086868 -3.587772 4.863230 0.468352 6.262336 -3.623840 0.477211 0.305230 7.309262 15.681106 2.111032 0.000000 0.000000 0.000000 -2.017799 -0.275859 4.868629 6.565269 -0.583713 2.259056 -6.049894 -15.562808 4.977611 0.000000 0.000000 0.000000 -5.381997 0.199904 12.457017 7.483690 -1.606224 -21.803906 5.765272 1.580529 24.227286 -1.174778 1.843189 -30.588681 0.000000 0.000000 0.000000 -30.786438 1.429532 -1.454587 -49.004916 -2.937322 -7.088758 -23.363807 -41.971765 12.103579 0.000000 0.000000 0.000000 14.304097 15.070580 5.618065 53.059794 30.495695 6.485248 169.709910 67.692961 171.252847 0.000000 0.000000 0.000000 
0.007244 0.927243 0.003407 -2.525791 -9.111580 -3.444328 4.827836 0.442277 5.871489 -3.528850 0.464790 0.554050 7.346888 15.750676 2.206789 0.000000 0.000000 0.000000 -1.943860 -0.274743 4.777027 6.489043 -0.571875 1.959857 -6.008199 -15.521754 5.172417 0.000000 0.000000 0.000000 -5.320232 0.185713 12.093535 7.413414 -1.622084 -21.467310 5.901160 1.653648 24.402578 -0.752518 1.592202 -29.698736 0.000000 0.000000 0.000000 -30.329404 0.948732 -1.107612 -49.938281 -3.289271 -7.062844 -24.579776 -43.166596 13.055725 0.000000 0.000000 0.000000 13.542143 15.455802 5.788223 53.601961 32.940884 7.738193 172.561229 64.346660 175.396275 0.000000 0.000000 0.000000 
0.007693 0.927484 0.001691 -2.462189 -9.167406 -3.375039 4.693310 0.426840 5.575091 -3.458601 0.455837 0.723614 7.386615 15.827691 2.326363 0.000000 0.000000 0.000000 -1.978100 -0.265547 4.694165 6.403907 -0.559588 1.726203 -5.970159 -15.469657 5.280213 0.000000 0.000000 0.000000 -5.388524 0.193091 11.968450 7.443639 -1.645275 -21.310207 5.872987 1.637052 24.497637 -0.430630 1.403930 -29.547887 0.000000 0.000000 0.000000 -29.387410 0.559673 -0.763012 -50.949928 -3.723222 -6.998707 -25.176344 -43.523169 13.490858 0.000000 0.000000 0.000000 12.881061 15.879647 5.946523 54.436266 35.242451 9.052249 172.339252 61.753290 174.811208 0.000000 0.000000 0.000000 
0.008013 0.927627 0.000068 -2.415840 -9.164558 -3.187757 4.630268 0.401831 5.209408 -3.462765 0.456442 0.788058 7.401991 15.852330 2.418749 0.000000 0.000000 0.000000 -2.026947 -0.253522 4.579502 6.406917 -0.554491 1.341857 -5.949238 -15.455860 5.405744 0.000000 0.000000 0.000000 -5.466470 0.196445 11.626405 7.343905 -1.627510 -21.204258 6.042648 1.496575 24.859401 -0.111668 1.173610 -28.947232 0.000000 0.000000 0.000000 -28.845590 0.046258 -0.319809 -50.973843 -4.391723 -6.770132 -25.962987 -44.211048 14.116054 0.000000 0.000000 0.000000 12.391234 16.080539 6.000668 55.376386 36.920091 10.094092 171.678041 59.651273 173.478333 0.000000 0.000000 0.000000 
0.008243 0.927713 -0.001334 -2.361468 -9.002289 -3.268774 4.608310 0.401356 5.220814 -3.500344 0.460216 0.692953 7.320097 15.685373 2.460478 0.000000 0.000000 0.000000 -1.987142 -0.259821 4.601907 6.260136 -0.543641 1.296607 -6.018687 -15.604183 5.455624 0.000000 0.000000 0.000000 -5.715350 0.218903 11.565825 7.542922 -1.686612 -21.114738 6.119411 1.149030 24.942329 -0.271015 1.209200 -28.825330 0.000000 0.000000 0.000000 -28.398059 0.025884 -0.192414 -50.885238 -4.881851 -6.589398 -26.629824 -44.177064 14.435622 0.000000 0.000000 0.000000 11.940117 16.193130 5.986661 56.303925 37.686937 10.707839 169.942562 58.161544 169.977281 0.000000 0.000000 0.000000 
0.008435 0.927776 -0.002670 -2.321567 -9.081132 -3.242740 4.681544 0.391667 5.083238 -3.724708 0.492663 0.731420 7.337753 15.720102 2.534451 0.000000 0.000000 0.000000 -2.083944 -0.253560 4.634456 6.349230 -0.546391 0.997489 -5.961827 -15.506572 5.527964 0.000000 0.000000 0.000000 -5.833795 0.221873 11.135851 7.722367 -1.761864 -20.846541 6.054522 1.187446 25.204343 -0.086927 1.065943 -28.060733 0.000000 0.000000 0.000000 -27.618030 -0.142052 -0.041950 -50.369234 -5.619810 -6.247966 -26.117395 -44.465135 14.301031 0.000000 0.000000 0.000000 11.650929 16.024438 5.901704 57.271059 38.174562 11.209515 169.371224 57.147335 168.830602 0.000000 0.000000 0.000000 
0.008676 0.927792 -0.004202 -2.287216 -9.110639 -3.265279 4.695168 0.385770 4.985221 -3.824520 0.507260 0.759924 7.343467 15.730263 2.578683 0.000000 0.000000 0.000000 -2.179422 -0.228077 4.356549 6.456181 -0.559508 1.338985 -5.969891 -15.519732 5.496906 0.000000 0.000000 0.000000 -5.924751 0.222686 10.825439 7.841003 -1.813660 -20.657860 6.150038 1.230788 25.324399 -0.129455 1.063065 -27.473220 0.000000 0.000000 0.000000 -26.968786 -0.159868 -0.012039 -50.077329 -6.241576 -5.971130 -25.090074 -44.779865 13.949088 0.000000 0.000000 0.000000 11.332117 15.927438 5.849408 57.910578 38.280933 11.432847 168.496379 56.440432 167.092953 0.000000 0.000000 0.000000 
0.009072 0.927922 -0.006076 -2.331867 -9.098967 -3.101291 4.700796 0.356757 4.576654 -3.774562 0.500846 0.943367 7.366378 15.767984 2.618630 0.000000 0.000000 0.000000 -2.087684 -0.210088 3.990963 6.382143 -0.553876 1.450269 -5.984619 -15.570508 5.577544 0.000000 0.000000 0.000000 -5.950496 0.213887 10.314694 8.049194 -1.863960 -20.661763 6.048862 1.178718 25.779779 -0.204222 1.056049 -26.707156 0.000000 0.000000 0.000000 -26.620495 -0.056435 -0.034222 -49.876055 -7.078635 -5.660950 -24.024882 -44.725554 13.474073 0.000000 0.000000 0.000000 11.373057 15.802606 5.800559 58.762679 38.805387 11.926151 167.947195 55.893815 166.072214 0.000000 0.000000 0.000000 
0.009569 0.928002 -0.008088 -2.280448 -8.972553 -2.969311 4.828454 0.320345 4.094113 -4.114057 0.550804 1.243833 7.315412 15.655054 2.639083 0.000000 0.000000 0.000000 -2.173208 -0.182175 3.650467 6.447996 -0.562681 1.548896 -6.044973 -15.709341 5.653622 0.000000 0.000000 0.000000 -5.976560 0.211523 10.085058 8.037440 -1.873639 -20.496850 6.133594 1.151955 25.583773 -0.244734 1.077938 -26.543340 0.000000 0.000000 0.000000 -26.267113 -0.049574 -0.049771 -49.657191 -7.331328 -5.514665 -22.972493 -45.134259 13.127265 0.000000 0.000000 0.000000 11.232408 15.803786 5.799297 59.268439 39.311647 12.390668 168.245563 55.498818 166.560909 0.000000 0.000000 0.000000 
0.010030 0.928154 -0.009890 -2.237181 -8.913832 -2.870842 5.032551 0.303170 3.900117 -4.578515 0.616668 1.138478 7.253220 15.527492 2.759830 0.000000 0.000000 0.000000 -2.126401 -0.184530 3.638342 6.275644 -0.542909 1.142898 -6.049758 -15.747291 5.793036 0.000000 0.000000 0.000000 -6.020599 0.215358 10.010920 8.261609 -1.883792 -20.912679 6.039938 1.212002 25.860391 -0.298465 1.099641 -26.077814 0.000000 0.000000 0.000000 -26.478922 0.041094 -0.133842 -49.274214 -7.572966 -5.420380 -22.719664 -45.586927 13.152498 0.000000 0.000000 0.000000 11.087257 15.781650 5.807380 59.969469 40.405971 13.220099 169.541623 55.205546 169.250785 0.000000 0.000000 0.000000 
0.010427 0.928481 -0.011256 -2.252827 -8.894923 -2.788307 5.312281 0.282847 3.636488 -5.064277 0.689601 1.269194 7.210653 15.438744 2.897182 0.000000 0.000000 0.000000 -2.071021 -0.191752 3.692775 6.190388 -0.530362 0.710409 -6.014502 -15.723390 6.019794 0.000000 0.000000 0.000000 -5.966198 0.205486 9.799106 8.189835 -1.845308 -21.074749 6.118737 1.276496 25.971953 -0.249957 1.061401 -25.662974 0.000000 0.000000 0.000000 -26.254572 0.158285 -0.221225 -49.152744 -7.395967 -5.479589 -23.206232 -46.182884 13.571626 0.000000 0.000000 0.000000 10.500883 15.817856 5.810854 60.309620 42.109067 14.320960 172.311966 54.657616 174.732757 0.000000 0.000000 0.000000 
0.010755 0.928543 -0.012177 -2.176120 -9.009845 -2.901402 5.499227 0.275892 3.479561 -5.574561 0.775975 1.661232 7.226570 15.468503 2.949349 0.000000 0.000000 0.000000 -2.022581 -0.210925 3.941873 5.912261 -0.501412 0.331042 -5.952860 -15.608026 6.052777 0.000000 0.000000 0.000000 -5.924005 0.196060 9.612654 8.255660 -1.871744 -21.017606 6.029129 1.522606 26.117789 -0.129031 0.980396 -24.847507 0.000000 0.000000 0.000000 -26.307941 0.517845 -0.509631 -48.735323 -7.252058 -5.499629 -23.713061 -46.779137 13.979698 0.000000 0.000000 0.000000 9.917116 15.794096 5.800086 60.961659 43.937226 15.655956 175.112254 53.917006 -179.463190 0.000000 0.000000 0.000000 
0.011062 0.928603 -0.012845 -2.127174 -8.987812 -2.932356 5.548950 0.261461 3.217638 -5.775090 0.816820 2.081452 7.220181 15.450592 2.949203 0.000000 0.000000 0.000000 -2.089777 -0.219604 4.139188 5.915618 -0.497857 -0.061698 -5.930545 -15.582253 6.154063 0.000000 0.000000 0.000000 -5.977162 0.198216 9.525200 8.161793 -1.814229 -21.305188 6.141327 1.644795 26.430914 0.109506 0.850557 -24.744580 0.000000 0.000000 0.000000 -26.215246 0.700507 -0.654420 -48.550220 -6.642044 -5.736756 -25.289275 -46.868982 14.739188 0.000000 0.000000 0.000000 9.252559 15.600762 5.709699 61.355118 45.964202 17.031557 177.842583 53.412184 -173.642995 0.000000 0.000000 0.000000 
0.011427 0.928483 -0.013358 -2.182620 -9.030879 -2.869220 5.730877 0.245026 2.929320 -6.030555 0.867285 2.432777 7.246067 15.494974 2.876002 0.000000 0.000000 0.000000 -1.973347 -0.229320 4.166784 5.776939 -0.484119 -0.295298 -5.905503 -15.540907 6.184342 0.000000 0.000000 0.000000 -5.782200 0.173325 9.215277 8.075898 -1.812421 -21.126336 6.051452 1.804056 26.393874 0.323201 0.740652 -24.634967 0.000000 0.000000 0.000000 -26.524886 1.202321 -1.044134 -48.146263 -5.989668 -5.932742 -26.509259 -46.415428 15.104234 0.000000 0.000000 0.000000 9.000658 15.540711 5.691289 62.177320 47.457306 18.345968 179.149275 52.788630 -170.674361 0.000000 0.000000 0.000000 
0.011781 0.928375 -0.013795 -2.273889 -9.005271 -2.996441 5.871617 0.243659 2.881035 -6.124410 0.890811 2.736351 7.238903 15.476770 2.757522 0.000000 0.000000 0.000000 -1.951106 -0.242598 4.327300 5.880534 -0.492320 -0.356900 -5.898726 -15.532601 6.219234 0.000000 0.000000 0.000000 -5.795454 0.173551 9.304844 8.080091 -1.814155 -21.135002 6.051742 1.905805 26.504318 0.574165 0.620203 -24.824374 0.000000 0.000000 0.000000 -26.734411 1.405379 -1.225384 -48.100497 -5.429135 -6.144421 -27.395069 -45.453020 15.133561 0.000000 0.000000 0.000000 8.790664 15.527002 5.692135 62.292285 48.414022 19.020206 -179.567357 52.033984 -167.707227 0.000000 0.000000 0.000000 
0.012130 0.928559 -0.014204 -2.352737 -9.288357 -2.900957 6.009920 0.238940 2.719091 -6.293524 0.927915 2.876595 7.351122 15.698996 2.862963 0.000000 0.000000 0.000000 -1.962544 -0.231128 4.212162 5.980318 -0.494636 -0.417274 -5.754715 -15.277572 6.312227 0.000000 0.000000 0.000000 -5.701393 0.164222 9.098506 8.053927 -1.840538 -20.862677 5.960878 2.058563 26.392134 0.827561 0.463625 -24.714533 0.000000 0.000000 0.000000 -26.880066 1.583632 -1.349838 -48.103291 -4.799781 -6.369652 -27.914846 -44.700355 15.078008 0.000000 0.000000 0.000000 8.506268 15.576594 5.692715 63.082445 48.992479 19.761609 -179.371736 51.549194 -167.141580 0.000000 0.000000 0.000000 
0.012392 0.928614 -0.014667 -2.361553 -9.362819 -2.829163 6.071388 0.231796 2.568378 -6.421046 0.953303 2.963558 7.380715 15.755328 2.906851 0.000000 0.000000 0.000000 -1.884324 -0.218105 3.951415 5.828684 -0.484478 -0.159649 -5.749781 -15.264122 6.275436 0.000000 0.000000 0.000000 -5.743510 0.166430 8.944341 8.121279 -1.867008 -20.778757 5.726413 2.095743 26.484537 1.181269 0.227847 -24.357288 0.000000 0.000000 0.000000 -26.956195 1.586591 -1.348248 -48.206039 -4.579074 -6.476858 -27.573292 -43.860038 14.610876 0.000000 0.000000 0.000000 8.498379 15.616497 5.710243 63.303912 49.288150 20.049146 -179.283590 51.225353 -166.820631 0.000000 0.000000 0.000000 
0.012510 0.928751 -0.015214 -2.404928 -9.564800 -2.749969 6.149173 0.225783 2.388662 -6.509760 0.977549 3.123989 7.467208 15.923966 2.995825 0.000000 0.000000 0.000000 -1.814584 -0.205367 3.724060 5.758980 -0.477316 0.006748 -5.673652 -15.122464 6.280080 0.000000 0.000000 0.000000 -5.668416 0.156999 8.691456 8.029253 -1.875231 -20.501396 5.580105 2.052443 26.575323 1.422191 0.064517 -24.512643 0.000000 0.000000 0.000000 -26.836558 1.657257 -1.325383 -48.468423 -4.256338 -6.645167 -27.763108 -43.877889 14.742212 0.000000 0.000000 0.000000 8.440990 15.778172 5.753828 63.895964 49.655946 20.534945 -179.399384 50.793484 -167.004649 0.000000 0.000000 0.000000 
0.012562 0.928667 -0.015879 -2.450904 -9.779263 -2.634392 6.322028 0.216700 2.131009 -6.753270 1.031378 3.346197 7.557907 16.098494 3.021750 0.000000 0.000000 0.000000 -1.661628 -0.188099 3.357506 5.558088 -0.460652 0.342486 -5.627241 -15.012853 6.162220 0.000000 0.000000 0.000000 -5.594772 0.153780 8.660231 7.977800 -1.868902 -20.446944 5.443153 2.020905 26.561635 1.684065 -0.141094 -24.163633 0.000000 0.000000 0.000000 -26.796430 1.428692 -1.121168 -48.638099 -4.116685 -6.727669 -27.168616 -44.167684 14.606456 0.000000 0.000000 0.000000 8.347557 15.824966 5.747837 64.907631 50.035519 21.240450 179.993053 50.714967 -168.326714 0.000000 0.000000 0.000000 
0.012673 0.928883 -0.016666 -2.579553 -9.902338 -2.533374 6.489790 0.204680 1.819637 -6.816042 1.057206 3.677907 7.621850 16.216931 3.087075 0.000000 0.000000 0.000000 -1.447016 -0.186690 3.155321 5.411244 -0.447616 0.430944 -5.570357 -14.927681 6.252407 0.000000 0.000000 0.000000 -5.456131 0.141312 8.545159 7.975957 -1.901766 -20.146542 5.287225 2.006707 26.483392 1.906533 -0.293330 -24.079726 0.000000 0.000000 0.000000 -26.754785 1.409013 -1.089189 -48.691185 -3.982799 -6.776031 -27.573551 -44.687040 14.988809 0.000000 0.000000 0.000000 8.496559 15.946389 5.795917 65.763399 50.634695 22.073920 179.704973 50.419750 -168.886999 0.000000 0.000000 0.000000 
0.012869 0.929078 -0.017466 -2.602320 -9.878440 -2.408260 6.509452 0.185186 1.422951 -6.813471 1.070185 4.034379 7.635295 16.234129 3.148218 0.000000 0.000000 0.000000 -1.352794 -0.171281 2.865554 5.288759 -0.438383 0.611816 -5.590324 -14.985093 6.316587 0.000000 0.000000 0.000000 -5.340585 0.130914 8.435058 8.033231 -1.934031 -19.973376 5.118355 1.935929 26.484838 2.052414 -0.409834 -23.814754 0.000000 0.000000 0.000000 -26.474649 1.163112 -0.900314 -48.951871 -4.145352 -6.742636 -27.542571 -45.489548 15.299507 0.000000 0.000000 0.000000 8.559458 16.244778 5.918712 66.368415 51.195437 22.770825 179.752050 50.371688 -168.733432 0.000000 0.000000 0.000000 
0.013138 0.929322 -0.018126 -2.519180 -9.896771 -2.206140 6.271048 0.165016 1.105943 -6.589542 1.032656 4.087417 7.678045 16.311500 3.283317 0.000000 0.000000 0.000000 -1.453800 -0.144879 2.599877 5.294661 -0.437704 0.568138 -5.577072 -14.985208 6.411970 0.000000 0.000000 0.000000 -5.207843 0.115357 8.004249 8.011782 -1.960400 -19.654257 4.975947 1.978105 26.492880 2.206822 -0.508493 -23.681853 0.000000 0.000000 0.000000 -25.935611 0.916999 -0.732106 -49.192570 -4.350541 -6.670840 -27.912364 -46.183418 15.743002 0.000000 0.000000 0.000000 8.589211 16.379902 5.983898 66.699607 51.671597 23.291394 179.950358 50.369485 -168.216589 0.000000 0.000000 0.000000 
0.013428 0.929653 -0.018706 -2.398910 -9.769803 -2.029201 6.078637 0.147922 0.900523 -6.497704 1.008559 3.947045 7.633191 16.218782 3.449933 0.000000 0.000000 0.000000 -1.555296 -0.125926 2.421414 5.243135 -0.434007 0.434366 -5.617554 -15.097681 6.561212 0.000000 0.000000 0.000000 -5.132066 0.108291 7.810955 8.066771 -1.970741 -19.651052 4.860236 1.955917 26.562118 2.277155 -0.526611 -23.905129 0.000000 0.000000 0.000000 -25.510281 0.867228 -0.697037 -49.377795 -4.443191 -6.645958 -28.271323 -46.839588 16.181815 0.000000 0.000000 0.000000 8.479682 16.544476 6.055672 66.779582 51.998997 23.578267 -179.893829 50.464833 -167.817740 0.000000 0.000000 0.000000 
0.013706 0.929816 -0.019373 -2.214903 -9.478724 -1.774569 5.853399 0.121234 0.587362 -6.449144 0.987752 3.774286 7.524638 16.002314 3.559035 0.000000 0.000000 0.000000 -1.670868 -0.101396 2.166934 5.122049 -0.426601 0.280039 -5.748071 -15.370466 6.665288 0.000000 0.000000 0.000000 -5.082495 0.100710 7.406486 8.005871 -1.952240 -19.589511 4.748973 1.863975 26.688155 2.317242 -0.535427 -23.987705 0.000000 0.000000 0.000000 -25.192400 0.619742 -0.550046 -49.294558 -4.594511 -6.575890 -28.761788 -47.363945 16.612628 0.000000 0.000000 0.000000 8.220719 16.753523 6.142268 66.571523 52.436090 23.792614 -179.437622 50.477628 -166.716112 0.000000 0.000000 0.000000 
0.014010 0.929986 -0.020260 -2.099025 -9.458983 -1.668248 5.734472 0.111420 0.461172 -6.485763 0.988691 3.628905 7.511202 15.974319 3.702063 0.000000 0.000000 0.000000 -1.871746 -0.076744 1.988938 5.245914 -0.436156 0.238513 -5.749382 -15.391986 6.743958 0.000000 0.000000 0.000000 -4.968256 0.090703 7.179085 7.999473 -1.951606 -19.557073 4.787157 2.030761 26.778769 2.268061 -0.468315 -24.115070 0.000000 0.000000 0.000000 -24.635725 0.438524 -0.470704 -49.258619 -4.689795 -6.511947 -29.811199 -47.574293 17.180769 0.000000 0.000000 0.000000 7.680801 16.857097 6.171164 66.930265 53.179833 24.548806 -179.140131 50.781657 -165.968247 0.000000 0.000000 0.000000 
0.014371 0.929964 -0.021374 -2.045092 -9.303991 -1.397741 5.619821 0.082285 0.024570 -6.401971 0.972372 3.674881 7.480077 15.907289 3.720184 0.000000 0.000000 0.000000 -1.898250 -0.051406 1.658658 5.197849 -0.433363 0.159242 -5.825821 -15.555414 6.812759 0.000000 0.000000 0.000000 -4.843704 0.079320 6.736812 8.032055 -1.975931 -19.351411 4.806246 2.302020 26.884512 2.225167 -0.406895 -23.769723 0.000000 0.000000 0.000000 -24.074794 0.077836 -0.343500 -49.278479 -5.002845 -6.353953 -30.266527 -47.483200 17.300464 0.000000 0.000000 0.000000 7.245390 17.003963 6.246567 66.577702 53.965544 25.020549 -178.126795 50.734435 -163.487376 0.000000 0.000000 0.000000 
0.014758 0.930014 -0.022523 -1.891937 -9.102097 -1.228926 5.405521 0.057314 -0.296012 -6.326702 0.955046 3.665592 7.413887 15.775818 3.788263 0.000000 0.000000 0.000000 -2.130753 -0.013478 1.296772 5.327822 -0.446458 0.312155 -5.932129 -15.766905 6.848304 0.000000 0.000000 0.000000 -4.697951 0.066521 6.346741 8.005008 -1.983930 -19.174219 4.785183 2.423138 26.899457 2.065192 -0.275497 -23.680267 0.000000 0.000000 0.000000 -23.384951 -0.109893 -0.282567 -49.379880 -5.152533 -6.266474 -31.397352 -47.229128 17.705845 0.000000 0.000000 0.000000 6.728180 17.331475 6.365245 66.454292 54.688298 25.551553 -177.083808 51.167778 -161.238287 0.000000 0.000000 0.000000 
0.015119 0.929898 -0.023514 -1.816326 -8.954876 -0.990577 5.322041 0.037772 -0.550585 -6.343160 0.947949 3.463382 7.364402 15.677697 3.805020 0.000000 0.000000 0.000000 -2.170339 0.004599 1.075436 5.253896 -0.440936 0.110724 -6.003813 -15.914546 6.894845 0.000000 0.000000 0.000000 -4.611122 0.059746 5.877221 8.110149 -2.018863 -19.063263 4.694635 2.633793 27.084857 1.962854 -0.195841 -23.265307 0.000000 0.000000 0.000000 -22.948485 -0.438175 -0.152762 -49.436706 -5.302002 -6.199753 -31.337541 -47.076418 17.564492 0.000000 0.000000 0.000000 6.673291 17.357406 6.409974 66.127748 54.859201 25.556944 -176.605238 51.113617 -159.925519 0.000000 0.000000 0.000000 
0.015418 0.929921 -0.024284 -1.767453 -8.615994 -0.928312 5.211969 0.029136 -0.571042 -6.228362 0.912908 3.182875 7.221396 15.403870 3.795005 0.000000 0.000000 0.000000 -2.253175 0.019065 0.908249 5.332490 -0.452326 0.229991 -6.156614 -16.217608 6.970101 0.000000 0.000000 0.000000 -4.661184 0.060656 5.636357 8.195279 -2.053191 -18.908404 4.738592 2.467609 27.039800 1.823204 -0.100718 -23.338912 0.000000 0.000000 0.000000 -22.721778 -0.499616 -0.123571 -49.574439 -5.172840 -6.249920 -31.423424 -46.622154 17.405224 0.000000 0.000000 0.000000 6.490416 17.472457 6.444746 65.734894 54.735347 25.263249 -176.132663 51.080720 -158.916422 0.000000 0.000000 0.000000 
0.015643 0.929970 -0.024953 -1.722033 -8.453434 -0.889916 5.202064 0.027240 -0.552613 -6.296339 0.913347 2.935493 7.136429 15.242601 3.842768 0.000000 0.000000 0.000000 -2.282545 0.021255 0.888412 5.303762 -0.451510 0.117481 -6.220180 -16.351203 7.048660 0.000000 0.000000 0.000000 -4.865545 0.071730 5.392001 8.368160 -2.095317 -18.927911 4.712510 2.445983 27.289342 1.673029 -0.021301 -23.041196 0.000000 0.000000 0.000000 -22.728115 -0.489624 -0.141364 -49.523529 -5.205749 -6.252301 -30.701505 -46.353217 16.942383 0.000000 0.000000 0.000000 6.732809 17.283708 6.404933 65.205648 54.350140 24.685822 -175.874631 50.829323 -158.160583 0.000000 0.000000 0.000000 
0.015843 0.929989 -0.025554 -1.783895 -8.389956 -0.812179 5.177594 0.027462 -0.502348 -6.146007 0.878278 2.621731 7.112697 15.198361 3.853902 0.000000 0.000000 0.000000 -2.197026 0.025775 0.770334 5.267650 -0.449246 0.126624 -6.245689 -16.412042 7.111563 0.000000 0.000000 0.000000 -4.899126 0.072196 5.108949 8.339794 -2.100903 -18.787155 4.738875 2.480141 27.360636 1.590537 0.032121 -22.911233 0.000000 0.000000 0.000000 -22.556154 -0.472048 -0.162154 -49.743492 -5.195866 -6.277741 -29.807645 -46.312169 16.505797 0.000000 0.000000 0.000000 6.820955 17.203427 6.391585 64.628814 53.941537 24.091210 -175.144338 50.543961 -156.425656 0.000000 0.000000 0.000000 
0.016044 0.930189 -0.026097 -1.757083 -8.528744 -0.816443 5.063428 0.040843 -0.234856 -6.032331 0.848419 2.108021 7.147359 15.272043 4.024760 0.000000 0.000000 0.000000 -2.212558 0.031243 0.715055 5.210934 -0.442729 0.132984 -6.178596 -16.296855 7.158986 0.000000 0.000000 0.000000 -4.994607 0.077141 4.938845 8.344420 -2.106863 -18.759082 4.797268 2.631981 27.459266 1.538480 0.066437 -22.786681 0.000000 0.000000 0.000000 -22.586764 -0.504965 -0.156364 -49.850554 -5.270022 -6.264364 -28.872779 -46.014959 15.944933 0.000000 0.000000 0.000000 6.997020 17.091633 6.369385 63.834734 53.676987 23.488858 -174.625643 50.295104 -155.197856 0.000000 0.000000 0.000000 
0.016266 0.930346 -0.026556 -1.737273 -8.667700 -0.801402 4.965453 0.056485 0.064387 -5.938368 0.820566 1.511028 7.178637 15.338946 4.194619 0.000000 0.000000 0.000000 -2.157672 0.029159 0.719415 5.037300 -0.426468 0.005136 -6.107961 -16.176794 7.213151 0.000000 0.000000 0.000000 -5.068456 0.082918 4.985341 8.147608 -2.046308 -18.829980 4.757961 2.649218 27.409224 1.462420 0.088212 -22.559133 0.000000 0.000000 0.000000 -22.882390 -0.288050 -0.273492 -49.525373 -5.262544 -6.244795 -27.730127 -46.082971 15.440307 0.000000 0.000000 0.000000 7.273296 16.963703 6.334106 63.388300 53.355716 23.017817 -174.410368 49.779812 -154.562880 0.000000 0.000000 0.000000 
0.016488 0.930736 -0.026964 -1.609455 -8.913243 -0.850939 4.721023 0.078507 0.458971 -5.804798 0.789132 0.864640 7.240218 15.465538 4.516425 0.000000 0.000000 0.000000 -2.179007 0.035092 0.667505 4.774753 -0.402308 0.062695 -6.001761 -15.986838 7.240951 0.000000 0.000000 0.000000 -5.286527 0.097952 5.066728 8.104872 -2.016766 -19.016088 4.684672 2.727961 27.562715 1.457341 0.093733 -22.816832 0.000000 0.000000 0.000000 -23.266718 -0.165947 -0.325384 -49.171911 -5.342527 -6.216369 -27.189749 -46.213364 15.251609 0.000000 0.000000 0.000000 7.466452 17.012104 6.361382 62.864251 53.237042 22.629902 -174.303111 49.450602 -154.207194 0.000000 0.000000 0.000000 
0.016776 0.931090 -0.027313 -1.527372 -9.098760 -0.758560 4.528822 0.084709 0.584511 -5.678275 0.763794 0.421939 7.299141 15.580073 4.785773 0.000000 0.000000 0.000000 -2.187502 0.048324 0.509582 4.579555 -0.384090 0.055199 -5.916795 -15.847419 7.315301 0.000000 0.000000 0.000000 -5.435735 0.109581 5.026742 7.967023 -1.969218 -19.109514 4.567493 2.702252 27.580429 1.412377 0.110146 -23.009858 0.000000 0.000000 0.000000 -23.515069 -0.139576 -0.300315 -48.825246 -5.496717 -6.143868 -26.556499 -46.471729 15.068877 0.000000 0.000000 0.000000 7.737204 17.051377 6.383124 62.294164 52.965347 22.125137 -174.586269 48.822521 -154.649990 0.000000 0.000000 0.000000 
0.017088 0.931551 -0.027593 -1.417534 -9.548945 -0.776663 4.178768 0.100337 0.811769 -5.359392 0.718624 0.072706 7.481702 15.922972 5.126304 0.000000 0.000000 0.000000 -2.193479 0.054779 0.454936 4.288194 -0.355833 0.031917 -5.710905 -15.478794 7.354639 0.000000 0.000000 0.000000 -5.622628 0.122340 4.941024 7.822786 -1.924504 -19.218998 4.433293 2.767802 27.803189 1.439677 0.070263 -23.226176 0.000000 0.000000 0.000000 -23.794674 0.058999 -0.347720 -48.481703 -5.614847 -6.116863 -26.499584 -46.933932 15.257788 0.000000 0.000000 0.000000 7.985882 17.100169 6.396727 61.585698 52.791364 21.582556 -174.502252 48.351444 -154.388954 0.000000 0.000000 0.000000 
0.017420 0.932052 -0.027816 -1.361947 -9.788318 -0.769281 3.994086 0.116261 1.048791 -5.204231 0.692748 -0.370962 7.556072 16.060495 5.443723 0.000000 0.000000 0.000000 -2.188019 0.056983 0.438471 4.103921 -0.339140 -0.053601 -5.580071 -15.267929 7.488711 0.000000 0.000000 0.000000 -5.760321 0.131619 4.879872 7.726316 -1.915479 -19.083834 4.402540 2.771218 27.726296 1.258658 0.166455 -23.331209 0.000000 0.000000 0.000000 -24.015436 0.064467 -0.313610 -48.383208 -5.782940 -6.053634 -26.396186 -47.697388 15.520001 0.000000 0.000000 0.000000 8.239727 17.134535 6.409863 60.624548 52.204167 20.703539 -174.654492 47.861601 -154.704265 0.000000 0.000000 0.000000 
0.017746 0.932440 -0.027998 -1.317248 -10.060310 -0.777524 3.800782 0.125462 1.165290 -5.016019 0.667979 -0.552060 7.666761 16.261202 5.679500 0.000000 0.000000 0.000000 -2.138807 0.060376 0.378567 3.859788 -0.317103 -0.025812 -5.450310 -15.047499 7.553194 0.000000 0.000000 0.000000 -5.868371 0.136427 4.672422 7.593781 -1.894925 -18.963925 4.226236 2.709292 27.744067 1.240700 0.129625 -23.186598 0.000000 0.000000 0.000000 -24.184081 0.138765 -0.284926 -48.305024 -6.048315 -5.975563 -26.620808 -48.698560 16.062757 0.000000 0.000000 0.000000 8.543740 17.179055 6.419410 59.851294 51.549253 19.867122 -174.844059 47.580601 -155.252360 0.000000 0.000000 0.000000 
0.018014 0.932637 -0.028216 -1.255240 -10.220128 -0.733892 3.653542 0.125605 1.164663 -4.923391 0.655958 -0.659482 7.735193 16.382813 5.829824 0.000000 0.000000 0.000000 -2.188362 0.068959 0.304782 3.782369 -0.309748 -0.064954 -5.373371 -14.918703 7.595238 0.000000 0.000000 0.000000 -6.000713 0.143123 4.486435 7.525268 -1.890771 -18.837486 4.147943 2.646557 27.726112 1.124608 0.167258 -23.064567 0.000000 0.000000 0.000000 -24.611691 0.198245 -0.282358 -48.118559 -6.389113 -5.854443 -26.959276 -49.930582 16.740620 0.000000 0.000000 0.000000 8.745644 16.965851 6.323863 59.483692 50.818544 19.200110 -175.128217 47.337406 -155.949803 0.000000 0.000000 0.000000 
0.018225 0.932730 -0.028500 -1.231723 -10.356666 -0.680623 3.555606 0.118437 1.057734 -4.832938 0.646267 -0.593151 7.808744 16.513062 5.899707 0.000000 0.000000 0.000000 -2.147980 0.079379 0.146237 3.630425 -0.295563 0.042265 -5.323457 -14.829899 7.584760 0.000000 0.000000 0.000000 -6.179238 0.149896 4.179393 7.418538 -1.890913 -18.556821 4.091032 2.537957 27.740069 1.174281 0.091865 -22.872804 0.000000 0.000000 0.000000 -24.854801 0.352872 -0.324988 -48.025209 -6.891718 -5.679690 -27.407517 -51.307492 17.563460 0.000000 0.000000 0.000000 8.980364 17.001306 6.329087 58.933783 50.429890 18.674586 -174.953617 47.115462 -155.638444 0.000000 0.000000 0.000000 
0.018394 0.932609 -0.028855 -1.294548 -10.607187 -0.709086 3.620652 0.108382 0.862202 -4.869676 0.660475 -0.155509 7.947560 16.766376 5.829637 0.000000 0.000000 0.000000 -2.145603 0.089023 0.023548 3.709850 -0.297634 0.249958 -5.227531 -14.638299 7.497560 0.000000 0.000000 0.000000 -6.159789 0.146743 4.048132 7.411542 -1.895605 -18.538196 4.029933 2.759083 27.797113 1.434719 -0.070763 -22.647255 0.000000 0.000000 0.000000 -24.934054 0.413834 -0.386355 -48.074649 -7.211236 -5.563451 -28.050045 -52.436073 18.368521 0.000000 0.000000 0.000000 9.021740 16.769354 6.242928 59.041591 50.085730 18.513976 -175.031857 47.005209 -155.700198 0.000000 0.000000 0.000000 
0.018612 0.932598 -0.029157 -1.373956 -10.988887 -0.616586 3.683507 0.098656 0.666507 -4.897074 0.672421 0.082310 8.139924 17.111136 5.868284 0.000000 0.000000 0.000000 -2.080399 0.100088 -0.143516 3.687583 -0.291960 0.282124 -5.060716 -14.332771 7.469846 0.000000 0.000000 0.000000 -6.194799 0.144773 3.637648 7.372077 -1.915480 -18.279411 4.032721 2.845907 27.861154 1.560722 -0.193131 -22.327004 0.000000 0.000000 0.000000 -24.949800 0.719809 -0.530715 -48.041099 -7.617270 -5.421517 -28.515613 -53.288122 19.022591 0.000000 0.000000 0.000000 9.119626 16.738370 6.215183 58.969137 50.226147 18.539371 -174.453933 47.179142 -154.583818 0.000000 0.000000 0.000000 
0.018890 0.932629 -0.029291 -1.431876 -11.354226 -0.641788 3.829800 0.092826 0.489231 -5.116650 0.716796 0.527215 8.311917 17.419638 5.883973 0.000000 0.000000 0.000000 -2.031097 0.109055 -0.277940 3.642145 -0.282685 0.506187 -4.911052 -14.047962 7.404832 0.000000 0.000000 0.000000 -6.202994 0.143775 3.489797 7.352205 -1.920907 -18.230387 4.045109 3.036273 27.998655 1.660447 -0.284367 -21.949785 0.000000 0.000000 0.000000 -24.909794 0.896249 -0.620422 -47.790087 -7.815453 -5.347641 -29.300418 -54.012363 19.783219 0.000000 0.000000 0.000000 9.031269 16.690576 6.184061 59.262191 50.427961 18.774078 -174.322710 47.444562 -154.404980 0.000000 0.000000 0.000000 
0.019240 0.932649 -0.029186 -1.423380 -11.678011 -0.569079 3.861550 0.080713 0.256747 -5.273169 0.751612 0.866966 8.471026 17.701738 5.932766 0.000000 0.000000 0.000000 -2.026711 0.118490 -0.388792 3.539572 -0.271404 0.501605 -4.774530 -13.792030 7.366078 0.000000 0.000000 0.000000 -6.199249 0.136988 2.934484 7.304951 -1.947369 -17.870211 3.961687 3.056738 27.995642 1.716540 -0.397921 -21.183837 0.000000 0.000000 0.000000 -24.806496 1.159596 -0.722709 -47.818461 -8.159501 -5.229650 -29.249055 -54.286904 19.929691 0.000000 0.000000 0.000000 8.983291 16.698138 6.157624 59.511542 50.574265 18.948567 -174.259957 47.603896 -154.487367 0.000000 0.000000 0.000000 
0.019634 0.932505 -0.028949 -1.438718 -12.023085 -0.593608 3.938908 0.081006 0.179771 -5.474580 0.794503 1.152365 8.629851 17.991172 5.913237 0.000000 0.000000 0.000000 -2.039813 0.118216 -0.360922 3.503241 -0.266012 0.460880 -4.628934 -13.504325 7.282183 0.000000 0.000000 0.000000 -6.230267 0.134694 2.632901 7.289052 -1.948079 -17.868403 3.999599 3.111072 28.177307 1.749818 -0.471365 -20.805631 0.000000 0.000000 0.000000 -24.563504 1.314043 -0.745613 -47.728013 -8.152066 -5.252291 -29.155112 -54.313796 19.940847 0.000000 0.000000 0.000000 8.596665 16.725437 6.121805 59.872728 51.119710 19.401539 -173.555650 48.082956 -153.244559 0.000000 0.000000 0.000000 
0.020042 0.932346 -0.028813 -1.456825 -12.164192 -0.652270 4.019789 0.086808 0.212197 -5.650331 0.827109 1.255766 8.685949 18.098644 5.855402 0.000000 0.000000 0.000000 -2.087506 0.118607 -0.332693 3.557401 -0.268392 0.514593 -4.574921 -13.387077 7.216892 0.000000 0.000000 0.000000 -6.307330 0.134633 2.444513 7.304604 -1.975626 -17.661064 4.030220 3.094105 28.119498 1.817608 -0.572751 -20.168082 0.000000 0.000000 0.000000 -24.393693 1.506832 -0.828355 -47.735226 -8.217786 -5.223911 -29.108590 -53.977769 19.799271 0.000000 0.000000 0.000000 8.279299 16.798114 6.115942 60.125419 51.741773 19.898516 -173.179376 48.270152 -152.610931 0.000000 0.000000 0.000000 
0.020432 0.932150 -0.028833 -1.544625 -12.265703 -0.654418 4.170442 0.089865 0.191864 -5.806989 0.856024 1.345824 8.730150 18.186194 5.760229 0.000000 0.000000 0.000000 -2.121927 0.116178 -0.273625 3.733117 -0.282122 0.416394 -4.520564 -13.284841 7.213904 0.000000 0.000000 0.000000 -6.321525 0.134385 2.376993 7.239399 -1.963688 -17.605265 4.113918 3.011425 28.104359 1.750151 -0.582843 -19.687481 0.000000 0.000000 0.000000 -24.222390 1.594641 -0.834068 -47.807137 -8.181163 -5.243316 -29.034693 -53.416389 19.546457 0.000000 0.000000 0.000000 8.009816 17.002704 6.162258 59.972022 52.421503 20.232316 -172.247918 48.279379 -150.697692 0.000000 0.000000 0.000000 
0.020794 0.931898 -0.028971 -1.589069 -12.469286 -0.715763 4.266952 0.095384 0.198115 -5.956815 0.888126 1.496662 8.820479 18.359053 5.679676 0.000000 0.000000 0.000000 -2.164100 0.113835 -0.205617 3.834693 -0.288406 0.371826 -4.434757 -13.106648 7.143569 0.000000 0.000000 0.000000 -6.355246 0.135208 2.352622 7.238973 -1.981475 -17.462123 4.190577 3.123743 28.022166 1.780707 -0.620815 -19.402479 0.000000 0.000000 0.000000 -24.051235 1.810185 -0.960777 -47.840611 -8.009682 -5.295094 -29.086665 -52.903355 19.362228 0.000000 0.000000 0.000000 7.673329 17.130608 6.187149 60.028142 53.044804 20.662422 -171.587558 48.392840 -149.372929 0.000000 0.000000 0.000000 
0.021150 0.931798 -0.029105 -1.565211 -12.460262 -0.790890 4.283956 0.100310 0.258845 -6.067975 0.906456 1.500548 8.805451 18.336124 5.638240 0.000000 0.000000 0.000000 -2.274880 0.117075 -0.182507 3.950339 -0.296574 0.446678 -4.443990 -13.113969 7.112616 0.000000 0.000000 0.000000 -6.464670 0.141516 2.511803 7.182027 -1.963065 -17.493288 4.253687 3.158390 28.100193 1.758096 -0.600007 -19.414060 0.000000 0.000000 0.000000 -24.053023 1.873671 -1.008853 -47.808179 -7.815088 -5.370855 -29.360301 -52.244652 19.220057 0.000000 0.000000 0.000000 7.639292 17.261498 6.242995 59.900129 53.542908 20.922199 -171.352876 48.467879 -148.870596 0.000000 0.000000 0.000000 
0.021529 0.931702 -0.029233 -1.504402 -12.402191 -0.901564 4.139295 0.097301 0.251445 -5.961299 0.893561 1.670544 8.793631 18.320948 5.568869 0.000000 0.000000 0.000000 -2.397314 0.123902 -0.206974 4.017901 -0.300453 0.673391 -4.488647 -13.177061 7.044159 0.000000 0.000000 0.000000 -6.521981 0.146961 2.782357 7.045573 -1.929014 -17.459813 4.241329 3.307703 28.026483 1.752687 -0.564796 -19.437981 0.000000 0.000000 0.000000 -24.034452 2.019354 -1.159263 -47.916240 -7.455171 -5.489783 -29.699814 -51.877077 19.210912 0.000000 0.000000 0.000000 7.540538 17.182254 6.225489 59.735607 53.761108 21.020311 -171.119182 48.357787 -148.182394 0.000000 0.000000 0.000000 
0.021928 0.931571 -0.029389 -1.348960 -12.289509 -1.079746 3.907144 0.101106 0.376669 -5.875716 0.878384 1.682198 8.743071 18.235967 5.520358 0.000000 0.000000 0.000000 -2.661423 0.135602 -0.216948 4.161155 -0.310668 0.976629 -4.567398 -13.289951 6.932600 0.000000 0.000000 0.000000 -6.650223 0.156531 3.133228 6.910647 -1.883299 -17.543366 4.256185 3.349825 27.999875 1.692359 -0.505321 -19.489510 0.000000 0.000000 0.000000 -24.266752 2.225249 -1.332167 -47.965301 -7.065669 -5.635186 -30.160594 -51.600645 19.320446 0.000000 0.000000 0.000000 7.335162 17.132691 6.203318 59.588798 53.820630 21.001204 -171.004861 48.547899 -148.013713 0.000000 0.000000 0.000000 
0.022318 0.931534 -0.029648 -1.258460 -12.233143 -1.291781 3.771602 0.115279 0.606032 -5.838115 0.869455 1.602742 8.703325 18.169523 5.506963 0.000000 0.000000 0.000000 -2.917230 0.138718 -0.100847 4.410949 -0.330771 1.121452 -4.591959 -13.324510 6.904571 0.000000 0.000000 0.000000 -6.817690 0.169028 3.495264 6.876703 -1.871956 -17.583637 4.230516 3.463506 27.923769 1.708794 -0.477326 -19.705429 0.000000 0.000000 0.000000 -24.380496 2.491519 -1.555505 -48.187024 -6.494253 -5.846524 -30.984117 -51.696732 19.786202 0.000000 0.000000 0.000000 7.073594 17.020689 6.154899 59.229988 53.921461 20.914080 -170.520999 48.431081 -146.841525 0.000000 0.000000 0.000000 
0.022635 0.931555 -0.029971 -1.080782 -12.063918 -1.364042 3.481709 0.115981 0.703754 -5.676617 0.835783 1.415463 8.627281 18.029270 5.548558 0.000000 0.000000 0.000000 -3.141038 0.155357 -0.216857 4.457949 -0.334907 1.390092 -4.689293 -13.493381 6.856084 0.000000 0.000000 0.000000 -6.915221 0.175007 3.607782 6.809733 -1.857116 -17.524508 4.114550 3.488422 27.877067 1.825628 -0.535795 -19.723074 0.000000 0.000000 0.000000 -24.686452 2.463968 -1.594628 -48.346340 -6.031545 -6.030507 -31.665517 -51.751556 20.157035 0.000000 0.000000 0.000000 7.006803 17.156239 6.218835 58.245407 53.903888 20.438810 -170.203442 48.132480 -145.923469 0.000000 0.000000 0.000000 
0.022878 0.931618 -0.030319 -0.939373 -12.259720 -1.511727 3.218727 0.128892 0.899441 -5.525617 0.811892 1.288232 8.709622 18.177727 5.677392 0.000000 0.000000 0.000000 -3.444159 0.171764 -0.242341 4.689732 -0.351023 1.580189 -4.610535 -13.332806 6.801726 0.000000 0.000000 0.000000 -6.904697 0.176925 3.762842 6.635017 -1.814761 -17.502684 4.009815 3.797980 27.918610 1.829642 -0.515893 -19.598701 0.000000 0.000000 0.000000 -24.859149 2.475536 -1.664846 -48.573210 -5.805122 -6.130120 -32.378101 -51.946302 20.616812 0.000000 0.000000 0.000000 6.649257 17.179632 6.219289 57.526302 54.169582 20.270553 -169.224896 47.684008 -143.374953 0.000000 0.000000 0.000000 
0.023040 0.931674 -0.030647 -0.802334 -12.247072 -1.686446 2.958521 0.137367 1.044718 -5.335056 0.781223 1.270337 8.706197 18.171886 5.733005 0.000000 0.000000 0.000000 -3.657081 0.180105 -0.230604 4.796815 -0.359403 1.808883 -4.626719 -13.348750 6.754175 0.000000 0.000000 0.000000 -6.872178 0.176349 3.952066 6.478799 -1.782671 -17.394938 3.823887 3.865760 27.847304 1.834713 -0.542490 -19.072017 0.000000 0.000000 0.000000 -25.132239 2.337627 -1.613226 -48.689802 -5.515218 -6.253160 -33.178377 -52.444825 21.282016 0.000000 0.000000 0.000000 6.438616 17.325987 6.266244 56.513382 54.749031 20.136080 -168.118536 47.199029 -140.613844 0.000000 0.000000 0.000000 
0.023176 0.931569 -0.030954 -0.663580 -12.326820 -1.940805 2.805060 0.154848 1.262037 -5.341422 0.784787 1.302521 8.728879 18.218937 5.746537 0.000000 0.000000 0.000000 -3.805576 0.181203 -0.140638 4.778262 -0.355961 2.041146 -4.616472 -13.289229 6.616521 0.000000 0.000000 0.000000 -6.883624 0.178318 4.175590 6.263089 -1.732136 -17.322928 3.782497 3.936064 27.934043 1.829806 -0.542678 -19.014987 0.000000 0.000000 0.000000 -25.412336 2.227018 -1.555745 -48.935151 -5.354344 -6.353989 -34.405487 -52.941180 22.221696 0.000000 0.000000 0.000000 6.233478 17.254183 6.221206 55.447598 55.406100 19.976599 -166.867058 46.652683 -137.482394 0.000000 0.000000 0.000000 
0.023307 0.931431 -0.031245 -0.607989 -12.623403 -2.114472 2.645531 0.154995 1.242078 -5.206678 0.776454 1.674925 8.888146 18.514911 5.744610 0.000000 0.000000 0.000000 -3.977585 0.189468 -0.115549 4.944616 -0.366179 2.213452 -4.502471 -13.041169 6.498343 0.000000 0.000000 0.000000 -6.777290 0.169205 4.125178 6.210507 -1.733573 -17.216121 3.594583 4.019524 27.986219 2.089476 -0.738789 -18.936970 0.000000 0.000000 0.000000 -25.684490 2.070783 -1.423079 -49.122892 -5.208169 -6.462158 -35.336215 -53.347514 22.998420 0.000000 0.000000 0.000000 5.941192 17.390810 6.237594 54.100008 56.016262 19.611236 -165.037746 45.889803 -132.945975 0.000000 0.000000 0.000000 
0.023475 0.931172 -0.031558 -0.504302 -12.944473 -2.203531 2.429995 0.150022 1.178062 -5.076102 0.766112 1.937147 9.062137 18.837670 5.750640 0.000000 0.000000 0.000000 -4.173777 0.198507 -0.057815 5.057895 -0.372150 2.127868 -4.379145 -12.768749 6.366021 0.000000 0.000000 0.000000 -6.782931 0.163177 3.863325 6.015337 -1.707372 -16.941093 3.718923 3.899077 28.123160 2.002736 -0.730696 -18.996261 0.000000 0.000000 0.000000 -25.573687 1.935351 -1.216905 -49.633686 -5.175014 -6.557269 -35.829396 -54.110490 23.774048 0.000000 0.000000 0.000000 5.591791 17.516250 6.225143 53.451661 56.733179 19.602315 -163.957325 45.478414 -130.466284 0.000000 0.000000 0.000000 
0.023690 0.930901 -0.031917 -0.441384 -13.236969 -2.218059 2.274821 0.140394 1.061965 -4.976978 0.759012 2.149650 9.223596 19.137082 5.744900 0.000000 0.000000 0.000000 -4.380939 0.215723 -0.136430 5.270584 -0.386193 2.152665 -4.270981 -12.532822 6.256085 0.000000 0.000000 0.000000 -6.757772 0.155764 3.556790 6.148112 -1.760024 -16.836636 3.479356 3.805846 28.237280 2.079046 -0.837948 -18.849679 0.000000 0.000000 0.000000 -25.244621 1.769358 -0.991600 -50.265543 -5.240784 -6.621954 -35.461265 -54.485110 23.870212 0.000000 0.000000 0.000000 5.358421 17.717128 6.256184 52.813275 57.450572 19.600047 -162.539109 45.166946 -127.328494 0.000000 0.000000 0.000000 
0.023889 0.930723 -0.032356 -0.426612 -13.599478 -2.095043 2.175529 0.117564 0.787490 -4.891565 0.755659 2.394842 9.425686 19.501082 5.793613 0.000000 0.000000 0.000000 -4.497807 0.239879 -0.410938 5.415358 -0.392491 2.251389 -4.138367 -12.261878 6.175944 0.000000 0.000000 0.000000 -6.626700 0.143506 3.126645 6.018395 -1.750802 -16.564011 3.498528 3.710899 28.199322 2.054366 -0.902176 -18.375359 0.000000 0.000000 0.000000 -24.946914 1.558008 -0.741292 -50.779254 -5.391170 -6.620407 -34.886202 -54.848998 23.823557 0.000000 0.000000 0.000000 5.088479 17.767713 6.225406 52.975226 57.843833 19.834531 -161.992032 44.740232 -125.896993 0.000000 0.000000 0.000000 
0.023958 0.930702 -0.032878 -0.522328 -14.037455 -1.984667 2.239418 0.119266 0.770625 -4.872774 0.755433 2.264165 9.628684 19.862530 5.914833 0.000000 0.000000 0.000000 -4.405342 0.243277 -0.476164 5.406371 -0.385195 2.026361 -3.937174 -11.893813 6.204203 0.000000 0.000000 0.000000 -6.534834 0.135844 2.769225 6.128942 -1.796110 -16.481854 3.445601 3.644598 28.269343 2.000570 -0.927946 -18.200421 0.000000 0.000000 0.000000 -24.520202 1.525006 -0.595769 -51.191048 -5.764687 -6.522711 -33.827145 -55.065342 23.423565 0.000000 0.000000 0.000000 5.090504 17.895458 6.241741 53.368557 58.221286 20.177355 -161.516370 44.738949 -125.086210 0.000000 0.000000 0.000000 
0.023825 0.930624 -0.033487 -0.633063 -14.356225 -1.772112 2.437558 0.115890 0.674027 -5.023610 0.780734 2.058565 9.766759 20.103182 6.001070 0.000000 0.000000 0.000000 -4.199007 0.242295 -0.578008 5.259156 -0.368733 1.699549 -3.791762 -11.633563 6.236463 0.000000 0.000000 0.000000 -6.595127 0.136552 2.360224 6.275227 -1.855324 -16.307129 3.585380 3.575286 28.271241 2.150927 -1.072797 -18.111311 0.000000 0.000000 0.000000 -24.083929 1.491525 -0.486445 -51.151337 -5.926732 -6.452986 -33.721936 -55.671310 23.726436 0.000000 0.000000 0.000000 5.133003 18.082232 6.291895 54.522197 58.049935 20.647359 -162.184311 44.746548 -126.586732 0.000000 0.000000 0.000000 
0.023648 0.930673 -0.034074 -0.808039 -14.709072 -1.561613 2.667679 0.103495 0.442429 -5.107199 0.801878 2.142691 9.940899 20.400962 6.094024 0.000000 0.000000 0.000000 -3.998448 0.241416 -0.673192 5.246617 -0.362520 1.391960 -3.611174 -11.334711 6.343853 0.000000 0.000000 0.000000 -6.614380 0.135512 1.945346 6.410676 -1.924989 -16.000468 3.909357 3.619586 28.006013 2.165335 -1.103483 -18.012958 0.000000 0.000000 0.000000 -23.539214 1.390782 -0.386161 -50.818119 -6.160175 -6.284389 -33.926828 -56.109689 24.057478 0.000000 0.000000 0.000000 5.281764 18.117615 6.299080 56.018848 57.636027 21.204270 -162.892177 45.240155 -128.718411 0.000000 0.000000 0.000000 
0.023615 0.930510 -0.034589 -1.037222 -15.027083 -1.329616 2.872280 0.089490 0.184831 -5.062181 0.801445 2.264403 10.116285 20.719800 6.074056 0.000000 0.000000 0.000000 -3.814994 0.241528 -0.777765 5.353059 -0.365217 1.101995 -3.450832 -11.065493 6.423787 0.000000 0.000000 0.000000 -6.586001 0.134837 1.625013 6.657070 -1.995048 -16.032567 3.921105 3.587276 28.065502 2.268082 -1.229039 -17.678279 0.000000 0.000000 0.000000 -23.108767 1.465137 -0.359389 -50.717712 -6.541401 -6.125984 -34.183284 -56.519560 24.485149 0.000000 0.000000 0.000000 5.379155 18.217949 6.323580 57.338755 57.182185 21.582805 -163.105925 45.599637 -129.602259 0.000000 0.000000 0.000000 
0.023834 0.930475 -0.035012 -1.193641 -15.121151 -1.225173 3.069613 0.080968 -0.005647 -5.140165 0.821353 2.441872 10.170201 20.818291 6.033258 0.000000 0.000000 0.000000 -3.697051 0.244524 -0.917525 5.421362 -0.368676 1.147395 -3.400337 -10.995233 6.482116 0.000000 0.000000 0.000000 -6.548206 0.134283 1.557306 6.710157 -2.024339 -15.884504 4.203811 3.485158 27.809322 2.195310 -1.190956 -17.722889 0.000000 0.000000 0.000000 -22.825924 1.633461 -0.432741 -50.463576 -6.697284 -6.005957 -35.096850 -56.798064 25.191757 0.000000 0.000000 0.000000 5.436609 18.104588 6.268013 58.625277 56.345848 21.737163 -164.438814 45.978222 -132.950647 0.000000 0.000000 0.000000 
0.024276 0.930452 -0.035397 -1.320797 -15.240522 -1.225481 3.230293 0.077499 -0.135848 -5.235445 0.847745 2.706687 10.231663 20.933176 5.991739 0.000000 0.000000 0.000000 -3.590915 0.242795 -0.967888 5.424537 -0.367504 1.219796 -3.339563 -10.897171 6.520185 0.000000 0.000000 0.000000 -6.449737 0.131227 1.605281 6.883030 -2.071901 -15.934983 4.124658 3.485221 27.607187 2.453271 -1.373076 -17.732988 0.000000 0.000000 0.000000 -22.753860 1.726609 -0.478837 -50.182605 -7.026757 -5.837691 -35.030408 -56.987519 25.241820 0.000000 0.000000 0.000000 5.877559 18.087398 6.278066 59.181402 55.719358 21.654037 -164.586819 46.572580 -133.940392 0.000000 0.000000 0.000000 
0.024819 0.930339 -0.035827 -1.399054 -15.331266 -1.249008 3.299237 0.078543 -0.167066 -5.270576 0.858399 2.802910 10.276672 21.024674 5.935999 0.000000 0.000000 0.000000 -3.477356 0.240961 -1.026469 5.313211 -0.358730 1.328903 -3.307434 -10.831237 6.498031 0.000000 0.000000 0.000000 -6.409883 0.129784 1.642979 6.851186 -2.073724 -15.833427 4.350121 3.478873 27.491677 2.686079 -1.513456 -18.074037 0.000000 0.000000 0.000000 -22.730528 1.829817 -0.531534 -50.167603 -7.313903 -5.708478 -35.343413 -57.337811 25.633658 0.000000 0.000000 0.000000 6.025749 17.847285 6.186072 59.545526 55.292070 21.571746 -164.818487 46.942575 -134.874972 0.000000 0.000000 0.000000 
0.025310 0.930257 -0.036332 -1.430285 -15.181732 -1.412011 3.398092 0.082836 -0.155136 -5.402605 0.886976 3.016987 10.196883 20.896588 5.818030 0.000000 0.000000 0.000000 -3.471217 0.235268 -0.969246 5.331684 -0.362690 1.524576 -3.376858 -10.952744 6.482918 0.000000 0.000000 0.000000 -6.470423 0.132259 1.897161 6.914030 -2.090945 -15.837339 4.512717 3.338126 27.334240 2.715171 -1.520874 -18.310166 0.000000 0.000000 0.000000 -22.948961 1.813368 -0.522230 -49.939510 -7.789568 -5.498952 -36.005295 -57.704075 26.221205 0.000000 0.000000 0.000000 6.211837 17.860262 6.193367 59.499337 55.090488 21.435460 -164.803414 47.311812 -135.299807 0.000000 0.000000 0.000000 
0.025742 0.930298 -0.036929 -1.496977 -15.003472 -1.600686 3.538950 0.090947 -0.107335 -5.526569 0.913489 3.220735 10.099609 20.729009 5.723544 0.000000 0.000000 0.000000 -3.337580 0.218532 -0.835343 5.198714 -0.355946 1.648583 -3.443754 -11.087955 6.518435 0.000000 0.000000 0.000000 -6.448125 0.131374 2.198089 6.904592 -2.080385 -15.923726 4.615291 3.412993 27.245351 2.803526 -1.563632 -18.151132 0.000000 0.000000 0.000000 -23.061912 1.746164 -0.543627 -49.852876 -8.383856 -5.241306 -36.655865 -58.459947 26.984786 0.000000 0.000000 0.000000 6.427857 17.428338 6.055644 59.404521 55.102809 21.442741 -164.392122 47.550306 -134.579600 0.000000 0.000000 0.000000 
0.026075 0.930407 -0.037554 -1.575902 -14.959238 -1.865921 3.630353 0.115579 0.177667 -5.544195 0.914727 3.186013 10.051853 20.651234 5.699694 0.000000 0.000000 0.000000 -3.332528 0.205734 -0.658691 5.321738 -0.366504 1.822099 -3.440353 -11.100260 6.582397 0.000000 0.000000 0.000000 -6.394948 0.130230 2.603433 6.748533 -2.049818 -15.794132 4.808751 3.560353 26.977160 2.857894 -1.573947 -18.036545 0.000000 0.000000 0.000000 -23.324161 1.687654 -0.577424 -49.706363 -9.001319 -4.961813 -37.479833 -59.191663 27.850191 0.000000 0.000000 0.000000 6.429828 17.044007 5.920414 59.228637 55.213032 21.483424 -163.662961 47.570671 -133.063932 0.000000 0.000000 0.000000 
0.026315 0.930633 -0.038170 -1.654559 -14.953653 -2.079695 3.710736 0.151557 0.636806 -5.539659 0.899073 2.749038 10.003808 20.565189 5.765470 0.000000 0.000000 0.000000 -3.255353 0.180017 -0.312665 5.320210 -0.367444 1.583672 -3.388489 -11.052764 6.736872 0.000000 0.000000 0.000000 -6.314400 0.125463 2.815974 6.639869 -2.025835 -15.754158 4.910745 3.768227 26.921096 2.960692 -1.619714 -17.875195 0.000000 0.000000 0.000000 -23.596172 1.691242 -0.658750 -49.597448 -9.364018 -4.799784 -38.563212 -59.686915 28.757554 0.000000 0.000000 0.000000 6.788263 16.648416 5.804963 58.689396 55.220500 21.270128 -163.364162 47.593067 -132.380910 0.000000 0.000000 0.000000 
0.026470 0.930789 -0.038773 -1.682159 -14.999531 -2.309584 3.790629 0.185064 1.047165 -5.625004 0.904633 2.419059 9.977060 20.516440 5.839622 0.000000 0.000000 0.000000 -3.225392 0.163945 -0.082125 5.312808 -0.366833 1.554903 -3.341317 -10.985033 6.803303 0.000000 0.000000 0.000000 -6.308797 0.126491 3.112766 6.472773 -1.992930 -15.597064 5.069539 3.953173 26.721706 3.076148 -1.650178 -18.105629 0.000000 0.000000 0.000000 -23.705135 1.687375 -0.714544 -49.711888 -9.585841 -4.693798 -39.234312 -59.972192 29.325717 0.000000 0.000000 0.000000 6.824180 16.372448 5.710844 58.120628 55.094829 20.952743 -162.938187 47.495951 -131.412702 0.000000 0.000000 0.000000 
0.026598 0.930832 -0.039347 -1.682352 -14.998403 -2.433813 3.738138 0.203730 1.310680 -5.528476 0.878341 2.123861 9.959003 20.485766 5.879903 0.000000 0.000000 0.000000 -3.233067 0.155454 0.058348 5.328292 -0.368346 1.477724 -3.324800 -10.967247 6.846519 0.000000 0.000000 0.000000 -6.325687 0.126961 3.221851 6.341736 -1.967808 -15.449992 5.112058 3.987333 26.610261 2.987191 -1.567758 -18.273564 0.000000 0.000000 0.000000 -23.800984 1.814089 -0.813315 -49.837611 -9.431798 -4.747947 -40.228217 -59.989133 29.986199 0.000000 0.000000 0.000000 6.770911 16.136214 5.617224 57.563844 54.847012 20.530747 -162.805453 47.240700 -130.943940 0.000000 0.000000 0.000000 
0.026732 0.930784 -0.039924 -1.665811 -15.049109 -2.602373 3.557752 0.216643 1.509929 -5.245118 0.827243 2.034074 9.991017 20.552760 5.888778 0.000000 0.000000 0.000000 -3.159923 0.146407 0.138174 5.162741 -0.355644 1.583088 -3.313717 -10.926003 6.788451 0.000000 0.000000 0.000000 -6.395802 0.129484 3.315225 6.253114 -1.957639 -15.283254 5.135583 3.988977 26.491961 3.006184 -1.536631 -18.844368 0.000000 0.000000 0.000000 -23.979488 1.875422 -0.850716 -50.081878 -9.166886 -4.860468 -40.386654 -59.702684 29.940515 0.000000 0.000000 0.000000 6.952842 16.044460 5.580785 56.865980 54.568914 20.025939 -162.410215 47.071534 -130.097914 0.000000 0.000000 0.000000 
0.026885 0.930800 -0.040515 -1.618027 -15.196448 -2.679866 3.447063 0.221363 1.571938 -5.156505 0.813606 2.007535 10.061345 20.674789 5.970405 0.000000 0.000000 0.000000 -3.184094 0.146600 0.168623 5.105181 -0.349528 1.555080 -3.248519 -10.802564 6.778428 0.000000 0.000000 0.000000 -6.506334 0.135880 3.374083 6.235807 -1.960142 -15.234869 5.087580 3.972565 26.414168 3.133832 -1.594460 -19.355838 0.000000 0.000000 0.000000 -24.160918 1.936941 -0.861679 -50.149228 -8.792840 -5.021029 -40.267803 -59.364612 29.692800 0.000000 0.000000 0.000000 7.013101 15.927859 5.522721 56.338371 54.398948 19.648706 -161.771229 46.539702 -128.359506 0.000000 0.000000 0.000000 
0.027046 0.930911 -0.041126 -1.577564 -15.499221 -2.770481 3.228352 0.239544 1.814945 -4.883070 0.763212 1.715736 10.202982 20.917758 6.155283 0.000000 0.000000 0.000000 -3.257973 0.152357 0.167326 5.140466 -0.348072 1.577097 -3.107848 -10.550206 6.793746 0.000000 0.000000 0.000000 -6.513248 0.132582 3.208109 6.160538 -1.983526 -14.742884 5.012778 4.047424 26.092577 3.159811 -1.597079 -19.566691 0.000000 0.000000 0.000000 -24.208100 1.884559 -0.813274 -50.368292 -8.477800 -5.129085 -39.468420 -58.935351 28.929322 0.000000 0.000000 0.000000 6.983878 16.037027 5.545996 56.074849 54.607109 19.660527 -160.628040 46.134173 -125.751924 0.000000 0.000000 0.000000 
0.027154 0.931070 -0.041726 -1.536302 -15.698876 -2.649608 3.058781 0.242578 1.882446 -4.685998 0.723161 1.296610 10.300066 21.066154 6.370586 0.000000 0.000000 0.000000 -3.288009 0.157932 0.138529 5.110642 -0.343197 1.248994 -2.992096 -10.380077 6.902558 0.000000 0.000000 0.000000 -6.546357 0.130272 2.844985 6.178559 -2.010993 -14.492887 4.848794 4.120864 25.892168 3.454566 -1.812593 -19.287472 0.000000 0.000000 0.000000 -24.407645 1.743464 -0.725645 -50.541061 -8.207600 -5.235123 -38.045497 -58.356134 27.678377 0.000000 0.000000 0.000000 7.291443 16.252503 5.635975 55.482644 54.920568 19.581477 -158.950978 45.428986 -121.604562 0.000000 0.000000 0.000000 
0.027170 0.931143 -0.042332 -1.539590 -16.122208 -2.526479 3.015882 0.253557 1.993598 -4.640691 0.712381 0.866966 10.486606 21.373910 6.613016 0.000000 0.000000 0.000000 -3.360057 0.171944 0.031432 5.240734 -0.345533 1.036806 -2.787259 -10.035177 6.974129 0.000000 0.000000 0.000000 -6.573981 0.131438 2.588251 6.191341 -2.027296 -14.409589 4.882860 4.394766 25.879326 3.504309 -1.826777 -19.401912 0.000000 0.000000 0.000000 -24.544210 1.720499 -0.723357 -50.590783 -7.891537 -5.358499 -37.294084 -57.625315 26.781108 0.000000 0.000000 0.000000 7.225352 16.272038 5.642402 55.821847 55.787038 20.266390 -157.629328 44.851702 -118.167668 0.000000 0.000000 0.000000 
0.026991 0.931251 -0.042953 -1.548882 -16.417164 -2.573929 3.031011 0.274142 2.203705 -4.640277 0.710618 0.581609 10.601810 21.560215 6.797435 0.000000 0.000000 0.000000 -3.425817 0.165796 0.249354 5.399913 -0.350580 0.613225 -2.611005 -9.758455 7.099482 0.000000 0.000000 0.000000 -6.534592 0.124880 2.325300 6.115642 -2.027560 -14.171823 4.906771 4.461844 25.796223 3.572758 -1.890986 -19.308755 0.000000 0.000000 0.000000 -24.769541 1.654163 -0.656575 -50.612732 -7.599588 -5.482855 -36.169904 -56.866664 25.678278 0.000000 0.000000 0.000000 7.344415 16.606278 5.763333 55.846063 56.763043 20.860434 -155.868068 44.431898 -114.232092 0.000000 0.000000 0.000000 
0.026724 0.931121 -0.043605 -1.622932 -16.929702 -2.453634 3.145290 0.283693 2.247963 -4.714464 0.724631 0.344436 10.831396 21.953932 6.956820 0.000000 0.000000 0.000000 -3.407830 0.173767 0.167089 5.535410 -0.349520 0.391912 -2.377682 -9.343543 7.118964 0.000000 0.000000 0.000000 -6.508050 0.122373 1.984630 5.984038 -2.011586 -13.933785 5.187865 4.680328 25.664868 3.680306 -1.979920 -19.130352 0.000000 0.000000 0.000000 -24.715853 1.862455 -0.768671 -50.767039 -7.131035 -5.656355 -36.159499 -55.855518 25.152070 0.000000 0.000000 0.000000 7.402885 16.510177 5.712145 56.471931 57.758591 21.796719 -154.518104 44.371501 -111.612835 0.000000 0.000000 0.000000 
0.026490 0.931041 -0.044285 -1.803656 -17.315233 -2.434680 3.230718 0.287575 2.230119 -4.522173 0.699708 0.455835 11.033917 22.314482 7.010754 0.000000 0.000000 0.000000 -3.291147 0.170152 0.156759 5.698563 -0.352276 0.329725 -2.190974 -9.024775 7.167480 0.000000 0.000000 0.000000 -6.364076 0.116562 1.911038 6.075098 -2.033249 -14.101812 5.254793 4.786554 25.930026 3.830590 -2.129239 -18.821772 0.000000 0.000000 0.000000 -24.635896 1.888991 -0.729569 -50.657336 -6.773523 -5.825288 -36.012831 -54.978475 24.635323 0.000000 0.000000 0.000000 7.182986 16.502827 5.686645 57.264475 58.942501 22.895349 -152.621115 45.024241 -108.967751 0.000000 0.000000 0.000000 
0.026425 0.930769 -0.044973 -1.909470 -17.556900 -2.488658 3.296078 0.290457 2.210587 -4.436736 0.691773 0.639130 11.161580 22.561916 6.952266 0.000000 0.000000 0.000000 -3.258575 0.169843 0.146696 5.860883 -0.358206 0.394593 -2.095357 -8.828848 7.117824 0.000000 0.000000 0.000000 -6.187140 0.109091 1.962398 5.887236 -1.977140 -14.137015 5.433807 4.684141 26.120243 3.592052 -2.037293 -18.508801 0.000000 0.000000 0.000000 -24.444940 2.030293 -0.724604 -50.888722 -6.391993 -6.021564 -36.380616 -54.238907 24.554904 0.000000 0.000000 0.000000 6.900274 16.853091 5.783867 56.832366 59.567506 22.969184 -151.405555 45.350224 -107.415825 0.000000 0.000000 0.000000 
0.026619 0.930399 -0.045672 -1.932495 -17.851613 -2.534251 3.326198 0.300822 2.286937 -4.481331 0.701934 0.586153 11.294140 22.818041 6.924048 0.000000 0.000000 0.000000 -3.299153 0.171966 0.188263 5.967560 -0.358259 0.281070 -1.977896 -8.586764 7.052724 0.000000 0.000000 0.000000 -6.069681 0.107936 2.189151 5.878233 -1.937156 -14.690179 5.482609 4.766648 26.555278 3.522812 -1.992586 -18.806530 0.000000 0.000000 0.000000 -24.197037 1.985832 -0.631317 -50.837769 -6.125534 -6.166468 -37.140437 -53.551929 24.687865 0.000000 0.000000 0.000000 6.634735 16.896630 5.778411 56.372896 59.983221 22.883306 -150.717234 46.064143 -107.247493 0.000000 0.000000 0.000000 
0.027032 0.930321 -0.046461 -1.946004 -17.897013 -2.529735 3.202909 0.298881 2.288092 -4.267203 0.665172 0.486437 11.334259 22.889031 6.945338 0.000000 0.000000 0.000000 -3.381259 0.175421 0.221681 6.121121 -0.363553 0.101512 -1.935051 -8.545186 7.138851 0.000000 0.000000 0.000000 -6.003119 0.108772 2.436904 5.947535 -1.934194 -15.009683 5.504542 4.723039 26.821213 3.365007 -1.860239 -19.395965 0.000000 0.000000 0.000000 -24.318570 1.866972 -0.517081 -50.461102 -5.814688 -6.306803 -37.702522 -53.115573 24.787346 0.000000 0.000000 0.000000 6.452122 17.235968 5.896283 54.736098 60.017298 21.935077 -150.261742 46.492061 -107.166685 0.000000 0.000000 0.000000 
0.027535 0.930204 -0.047267 -1.817902 -17.939825 -2.605587 3.093577 0.310543 2.441568 -4.348437 0.674297 0.180087 11.332690 22.880721 7.005993 0.000000 0.000000 0.000000 -3.598710 0.186845 0.264726 6.242220 -0.367369 -0.025554 -1.912822 -8.509871 7.151956 0.000000 0.000000 0.000000 -6.026042 0.114262 2.741468 5.811254 -1.875931 -15.246882 5.661253 4.784267 27.095934 3.076908 -1.639844 -19.824203 0.000000 0.000000 0.000000 -24.139549 1.561348 -0.318764 -50.314308 -5.791350 -6.320105 -38.453680 -52.650915 24.960607 0.000000 0.000000 0.000000 6.206239 17.347842 5.932282 53.798019 60.031536 21.390723 -150.796392 47.055707 -108.888199 0.000000 0.000000 0.000000 
0.027969 0.930261 -0.047955 -1.734920 -17.711366 -2.650978 2.968384 0.307219 2.451942 -4.282919 0.659378 0.055750 11.226147 22.683240 7.010201 0.000000 0.000000 0.000000 -3.697655 0.183275 0.421592 6.249177 -0.367796 -0.321599 -1.979706 -8.678802 7.267598 0.000000 0.000000 0.000000 -6.122264 0.122912 3.037506 5.861751 -1.860721 -15.589296 5.679464 4.928032 27.350778 3.037756 -1.527269 -20.493333 0.000000 0.000000 0.000000 -23.967934 1.260441 -0.200447 -50.145470 -5.916921 -6.266032 -39.358727 -51.762628 24.940339 0.000000 0.000000 0.000000 6.410155 17.344545 5.973221 52.485273 59.755562 20.547980 -150.908022 47.664911 -109.762701 0.000000 0.000000 0.000000 
0.028304 0.930465 -0.048396 -1.661803 -17.471779 -2.746985 2.847915 0.327747 2.732716 -4.200320 0.637600 -0.416783 11.085762 22.417551 7.094884 0.000000 0.000000 0.000000 -3.775003 0.176490 0.609051 6.236087 -0.368620 -0.529713 -2.047006 -8.851502 7.397128 0.000000 0.000000 0.000000 -6.139826 0.127149 3.360188 5.836228 -1.841039 -15.720217 5.775546 5.160150 27.539474 2.913292 -1.364985 -20.821622 0.000000 0.000000 0.000000 -24.239217 0.956012 -0.132209 -49.706433 -6.058785 -6.173246 -40.920094 -51.166762 25.376213 0.000000 0.000000 0.000000 6.482463 17.323964 6.013011 51.289679 59.359764 19.742164 -151.310677 48.188034 -110.953936 0.000000 0.000000 0.000000 
0.028681 0.930513 -0.048643 -1.603219 -17.135633 -3.011773 2.801547 0.356099 3.077264 -4.217018 0.634190 -0.653540 10.889963 22.085126 7.023027 0.000000 0.000000 0.000000 -3.862364 0.156248 1.058807 6.258413 -0.371932 -0.822442 -2.152931 -9.073460 7.495745 0.000000 0.000000 0.000000 -6.148642 0.131394 3.869132 5.817633 -1.819569 -15.911466 5.728376 5.400436 27.567132 2.792518 -1.197433 -21.050258 0.000000 0.000000 0.000000 -24.205507 0.769627 -0.157836 -49.686310 -6.134798 -6.115010 -41.795625 -50.492103 25.390125 0.000000 0.000000 0.000000 6.685495 17.206667 6.027100 49.666431 58.821462 18.675923 -151.572164 48.285993 -111.373984 0.000000 0.000000 0.000000 
0.029201 0.930611 -0.048673 -1.542169 -16.725058 -3.160797 2.774014 0.373153 3.305340 -4.293123 0.639044 -0.906513 10.663885 21.690307 6.952924 0.000000 0.000000 0.000000 -3.975115 0.143221 1.404330 6.300908 -0.376371 -1.123745 -2.289450 -9.365129 7.633208 0.000000 0.000000 0.000000 -6.118168 0.130317 4.136287 5.786800 -1.813761 -15.822811 5.660305 5.361260 27.341605 2.882021 -1.201045 -21.276130 0.000000 0.000000 0.000000 -24.614431 0.621746 -0.152496 -49.637050 -6.050203 -6.122291 -42.343959 -49.890226 25.286077 0.000000 0.000000 0.000000 6.632893 17.195154 6.042972 48.247122 58.402396 17.773150 -151.893159 48.160999 -111.783849 0.000000 0.000000 0.000000 
0.030017 0.930588 -0.048559 -1.443391 -16.500499 -3.603460 2.676822 0.414856 3.759287 -4.364100 0.647420 -0.954186 10.515116 21.455450 6.840375 0.000000 0.000000 0.000000 -4.251182 0.139912 1.816711 6.514131 -0.392759 -1.009868 -2.372348 -9.500436 7.624406 0.000000 0.000000 0.000000 -6.073432 0.126899 4.533156 5.812285 -1.832723 -15.726181 5.657647 5.426889 27.203808 2.698673 -1.064266 -21.099879 0.000000 0.000000 0.000000 -24.969395 0.390179 -0.082526 -49.830828 -5.951016 -6.165199 -41.926313 -49.128498 24.574879 0.000000 0.000000 0.000000 6.601326 17.248900 6.079000 46.618728 58.309477 16.932209 -151.967549 48.243169 -112.071830 0.000000 0.000000 0.000000 
0.030959 0.930371 -0.048436 -1.363914 -16.552871 -3.913377 2.556169 0.429582 3.888932 -4.408575 0.658972 -0.620305 10.537552 21.531857 6.695922 0.000000 0.000000 0.000000 -4.486191 0.144223 2.111477 6.665792 -0.399581 -0.997855 -2.346580 -9.427168 7.571526 0.000000 0.000000 0.000000 -5.958358 0.118799 4.732932 5.765466 -1.831540 -15.648993 5.428928 5.315818 27.177105 2.803450 -1.187119 -20.706269 0.000000 0.000000 0.000000 -25.156915 0.079455 0.167633 -50.349696 -5.790975 -6.300339 -40.415461 -48.483662 23.453416 0.000000 0.000000 0.000000 6.359935 17.475047 6.132823 44.883592 58.884262 16.272176 -150.828696 47.732285 -109.660371 0.000000 0.000000 0.000000 
0.031801 0.930021 -0.048405 -1.273323 -16.651861 -4.214155 2.418569 0.459496 4.172787 -4.434765 0.665151 -0.585432 10.566241 21.623631 6.573410 0.000000 0.000000 0.000000 -4.689494 0.152986 2.283804 6.753655 -0.405968 -0.805866 -2.330757 -9.332913 7.413374 0.000000 0.000000 0.000000 -5.790328 0.107636 4.901804 5.505153 -1.773769 -15.482454 5.452312 5.326581 27.125385 2.771678 -1.199868 -20.404597 0.000000 0.000000 0.000000 -25.274286 -0.380105 0.482867 -50.786466 -5.835982 -6.333405 -38.858396 -47.856148 22.314390 0.000000 0.000000 0.000000 6.401187 17.535753 6.147912 43.571431 59.337955 15.789333 -150.502210 47.645874 -109.145255 0.000000 0.000000 0.000000 
0.032436 0.929647 -0.048563 -1.229323 -16.929832 -4.555685 2.316141 0.484668 4.376813 -4.420043 0.670356 -0.282245 10.692924 21.896742 6.454967 0.000000 0.000000 0.000000 -4.865362 0.166893 2.308474 6.904351 -0.418988 -0.294723 -2.258419 -9.107488 7.180534 0.000000 0.000000 0.000000 -5.763259 0.106533 5.129992 5.437013 -1.766140 -15.444044 5.267949 5.260821 27.167229 2.899190 -1.373737 -19.742686 0.000000 0.000000 0.000000 -25.353483 -0.696799 0.773046 -51.024340 -5.933148 -6.354148 -36.873223 -47.527356 21.159068 0.000000 0.000000 0.000000 6.375231 17.741603 6.194959 42.865278 60.028538 15.671237 -149.543825 47.292976 -107.233123 0.000000 0.000000 0.000000 
0.032840 0.929380 -0.048940 -1.200513 -17.150365 -4.710825 2.143375 0.503566 4.531713 -4.221584 0.641895 -0.284939 10.805377 22.123359 6.436549 0.000000 0.000000 0.000000 -5.094562 0.194343 2.068298 7.221129 -0.442912 0.320997 -2.210754 -8.953559 7.013315 0.000000 0.000000 0.000000 -5.688389 0.100899 5.150706 5.222077 -1.734196 -15.083180 5.243049 5.264901 27.047022 3.017915 -1.515844 -19.125867 0.000000 0.000000 0.000000 -25.051279 -0.999589 0.998200 -51.392416 -6.030531 -6.329763 -35.772027 -47.677568 20.688336 0.000000 0.000000 0.000000 6.068951 17.772144 6.171074 43.551844 60.312659 16.144980 -149.818777 47.039391 -107.418658 0.000000 0.000000 0.000000 
0.033140 0.929165 -0.049496 -1.166189 -17.209890 -4.756874 2.011161 0.508660 4.570612 -4.076374 0.619264 -0.347437 10.845005 22.207001 6.414492 0.000000 0.000000 0.000000 -5.176252 0.215120 1.624393 7.288874 -0.460450 1.104177 -2.256182 -8.957839 6.806620 0.000000 0.000000 0.000000 -5.622759 0.095399 5.086044 5.046026 -1.691207 -14.937056 5.153017 4.983825 26.920483 2.800269 -1.453937 -18.658527 0.000000 0.000000 0.000000 -24.712593 -0.950885 1.067507 -51.751475 -6.299474 -6.246313 -34.662651 -47.739580 20.224501 0.000000 0.000000 0.000000 5.913931 17.917294 6.181083 45.284866 60.433450 17.077230 -150.319495 47.442674 -108.950384 0.000000 0.000000 0.000000 
0.033476 0.929051 -0.050311 -1.147851 -17.316747 -4.826807 1.879469 0.518355 4.646828 -3.899196 0.591990 -0.444453 10.904192 22.316328 6.453368 0.000000 0.000000 0.000000 -5.276330 0.238449 1.141683 7.423370 -0.481675 1.969102 -2.269941 -8.927778 6.656540 0.000000 0.000000 0.000000 -5.689978 0.098449 5.070623 5.109070 -1.710773 -14.968404 5.006344 4.929469 27.091774 2.747327 -1.475696 -18.170415 0.000000 0.000000 0.000000 -24.460444 -1.000896 1.143331 -51.766874 -6.370865 -6.234536 -34.017283 -48.347899 20.213869 0.000000 0.000000 0.000000 5.499687 17.919754 6.146355 47.278314 60.379795 18.076132 -150.904419 47.461710 -109.902776 0.000000 0.000000 0.000000 
0.033865 0.928925 -0.051289 -1.042407 -17.418295 -4.621290 1.620577 0.501491 4.481277 -3.676667 0.556701 -0.732616 10.984156 22.434491 6.587688 0.000000 0.000000 0.000000 -5.432676 0.282389 0.261141 7.502631 -0.497682 2.927193 -2.314106 -8.955812 6.494069 0.000000 0.000000 0.000000 -5.700782 0.099799 4.891801 5.144999 -1.733179 -14.809029 4.925427 4.840332 26.980867 2.466552 -1.310016 -18.092160 0.000000 0.000000 0.000000 -24.204607 -0.742289 1.019502 -51.748678 -6.595782 -6.121818 -33.298158 -49.078850 20.216028 0.000000 0.000000 0.000000 5.493275 18.120746 6.208187 48.991984 59.913704 18.755467 -152.276613 47.786265 -112.722458 0.000000 0.000000 0.000000 
0.034257 0.928621 -0.052230 -1.077717 -17.343230 -4.245007 1.383371 0.474779 4.251142 -3.220134 0.486324 -1.187194 11.001007 22.455055 6.600981 0.000000 0.000000 0.000000 -5.388728 0.317813 -0.695104 7.493816 -0.507431 3.811760 -2.439613 -9.146386 6.352404 0.000000 0.000000 0.000000 -5.504639 0.086480 4.490464 5.222660 -1.750376 -14.797344 4.530315 4.937529 26.990524 2.599673 -1.436269 -17.290327 0.000000 0.000000 0.000000 -23.678065 -0.944216 1.100436 -52.070646 -6.856944 -6.014135 -32.558022 -49.438519 20.002732 0.000000 0.000000 0.000000 5.609268 18.038530 6.202590 50.352135 59.106683 19.097013 -153.250436 47.318717 -113.622138 0.000000 0.000000 0.000000 
0.034586 0.928441 -0.052938 -1.074172 -17.256010 -3.960132 1.221842 0.440490 3.945404 -2.963518 0.448540 -1.318757 11.005437 22.451554 6.598618 0.000000 0.000000 0.000000 -5.412941 0.352012 -1.468148 7.529687 -0.517897 4.555211 -2.546517 -9.325164 6.270074 0.000000 0.000000 0.000000 -5.268175 0.071983 4.172771 5.114960 -1.730016 -14.558191 4.471769 4.857113 26.766052 2.509884 -1.418511 -16.631074 0.000000 0.000000 0.000000 -23.371059 -1.006737 1.123129 -52.179995 -7.031908 -5.907134 -31.933934 -49.275218 19.586835 0.000000 0.000000 0.000000 5.788936 18.043127 6.214568 51.476720 58.076417 19.167568 -155.028169 46.895497 -116.286699 0.000000 0.000000 0.000000 
0.034866 0.927883 -0.053422 -1.106923 -17.088452 -3.713002 1.219906 0.397782 3.561927 -2.918095 0.440178 -1.193684 10.968000 22.418694 6.346507 0.000000 0.000000 0.000000 -5.263616 0.367463 -1.970817 7.321907 -0.505043 4.967189 -2.703285 -9.543302 6.064510 0.000000 0.000000 0.000000 -5.110399 0.063951 3.952876 5.253648 -1.759536 -14.639175 4.157073 4.820296 26.694108 2.334834 -1.336650 -15.836886 0.000000 0.000000 0.000000 -22.934609 -1.033893 1.106223 -52.627917 -7.426065 -5.732763 -30.778749 -49.199341 18.956075 0.000000 0.000000 0.000000 5.681963 17.931989 6.175847 52.080852 57.260825 19.049201 -155.652413 46.598147 -116.991010 0.000000 0.000000 0.000000 
0.035140 0.927523 -0.053758 -1.176263 -16.885968 -3.579206 1.328477 0.356389 3.173403 -2.994159 0.449323 -0.800799 10.906892 22.343363 6.073316 0.000000 0.000000 0.000000 -5.144113 0.379644 -2.361764 7.230197 -0.502217 5.445213 -2.847334 -9.774878 5.948318 0.000000 0.000000 0.000000 -4.879395 0.052371 3.914333 5.267490 -1.768459 -14.518911 4.074134 4.656654 26.510550 2.624122 -1.524002 -16.159700 0.000000 0.000000 0.000000 -23.098563 -1.243349 1.236573 -52.807387 -7.454933 -5.723172 -30.251825 -48.469844 18.353489 0.000000 0.000000 0.000000 5.829921 17.657087 6.077796 52.168357 56.334911 18.596028 -157.421208 45.693535 -119.287475 0.000000 0.000000 0.000000 
0.035496 0.927077 -0.053897 -1.187505 -16.778732 -3.484819 1.463464 0.323317 2.845669 -3.250080 0.486933 -0.434803 10.872850 22.320755 5.802914 0.000000 0.000000 0.000000 -5.259145 0.383454 -2.350303 7.425658 -0.522929 5.237199 -2.904720 -9.861287 5.898319 0.000000 0.000000 0.000000 -4.579961 0.036510 3.709011 5.266387 -1.773143 -14.399449 3.758549 4.220026 26.353061 2.373090 -1.391794 -16.306770 0.000000 0.000000 0.000000 -22.919455 -1.293938 1.367567 -53.278272 -7.690069 -5.645920 -28.722094 -47.402223 17.196330 0.000000 0.000000 0.000000 5.669950 17.572022 6.000927 51.875579 56.063536 18.228203 -157.502688 45.395935 -119.401063 0.000000 0.000000 0.000000 
0.035820 0.926853 -0.053944 -1.150640 -16.788662 -3.427921 1.614535 0.277310 2.357058 -3.630965 0.550325 0.298238 10.901504 22.392426 5.617468 0.000000 0.000000 0.000000 -5.284814 0.392811 -2.513073 7.368616 -0.517430 5.379392 -2.932829 -9.879998 5.808348 0.000000 0.000000 0.000000 -4.397930 0.026956 3.444815 5.264186 -1.805380 -13.924363 3.491915 3.981631 25.985393 2.559171 -1.593284 -15.618805 0.000000 0.000000 0.000000 -22.644684 -1.582340 1.583643 -53.787353 -7.576834 -5.683167 -27.469946 -45.635837 15.878183 0.000000 0.000000 0.000000 5.520249 17.360032 5.890580 50.505214 55.956901 17.468579 -157.554428 44.618394 -118.853309 0.000000 0.000000 0.000000 
0.036088 0.926969 -0.053917 -1.087093 -16.720370 -3.182524 1.575573 0.214693 1.719230 -3.717017 0.569958 0.897933 10.922788 22.407676 5.618066 0.000000 0.000000 0.000000 -5.370905 0.401935 -2.580094 7.371220 -0.515921 4.982040 -2.940874 -9.938112 5.910345 0.000000 0.000000 0.000000 -3.910448 0.008310 3.051093 4.890112 -1.707758 -13.546191 3.211408 3.579747 25.623875 2.310883 -1.482108 -15.271048 0.000000 0.000000 0.000000 -22.521541 -1.699940 1.733640 -54.036997 -7.675792 -5.618896 -26.500733 -43.972234 14.790533 0.000000 0.000000 0.000000 5.222376 17.175637 5.776216 49.683112 56.439428 17.248778 -156.950219 44.556598 -117.951896 0.000000 0.000000 0.000000 
0.036114 0.926982 -0.053966 -1.075837 -16.891376 -3.290463 1.620946 0.213456 1.680512 -3.830835 0.594321 1.199988 11.003569 22.554620 5.632227 0.000000 0.000000 0.000000 -5.320074 0.380310 -2.135803 7.249761 -0.497399 4.350212 -2.829767 -9.731992 5.942353 0.000000 0.000000 0.000000 -3.738022 0.000190 3.079153 4.928085 -1.727174 -13.512634 3.005868 3.536491 25.537593 2.316434 -1.545595 -14.573046 0.000000 0.000000 0.000000 -22.409705 -2.103437 2.013594 -54.340293 -7.685665 -5.628950 -25.883702 -42.650847 14.014037 0.000000 0.000000 0.000000 4.924362 16.958867 5.670837 49.034276 57.178112 17.246695 -155.127139 44.545448 -114.540884 0.000000 0.000000 0.000000 
0.035863 0.927148 -0.054129 -1.049693 -17.053532 -3.444952 1.745956 0.217287 1.673970 -4.070931 0.642431 1.519618 11.062613 22.649711 5.715451 0.000000 0.000000 0.000000 -5.389066 0.361574 -1.632870 7.350916 -0.497505 3.687134 -2.698081 -9.523226 6.065773 0.000000 0.000000 0.000000 -3.491112 -0.011700 3.228604 4.642993 -1.650307 -13.364697 3.099825 3.382209 25.345480 2.197212 -1.485130 -14.598392 0.000000 0.000000 0.000000 -22.307410 -1.996557 2.006034 -54.586032 -7.478020 -5.718918 -26.056197 -41.945074 13.852095 0.000000 0.000000 0.000000 4.847619 16.660839 5.532596 49.468040 57.806931 17.737143 -155.136893 45.024253 -115.391694 0.000000 0.000000 0.000000 
0.035464 0.927146 -0.054465 -1.069813 -17.200822 -3.572950 1.925566 0.240563 1.869588 -4.297990 0.681859 1.436119 11.093151 22.705280 5.759582 0.000000 0.000000 0.000000 -5.312775 0.340452 -1.219140 7.305080 -0.485813 3.152666 -2.598408 -9.345998 6.110280 0.000000 0.000000 0.000000 -3.467925 -0.014134 3.353624 4.552950 -1.632392 -13.236390 3.288070 3.378570 25.220651 1.912248 -1.303556 -14.270000 0.000000 0.000000 0.000000 -22.336971 -1.878284 1.953665 -54.458965 -7.317304 -5.772120 -26.274196 -41.907316 13.932960 0.000000 0.000000 0.000000 4.667740 16.618014 5.501078 49.861360 58.266599 18.159052 -154.899004 45.197006 -115.239170 0.000000 0.000000 0.000000 
0.035178 0.927345 -0.054912 -1.167094 -17.360814 -3.661322 2.020939 0.248969 1.921348 -4.242579 0.676555 1.562144 11.165919 22.823820 5.853366 0.000000 0.000000 0.000000 -5.231148 0.324986 -0.939382 7.385543 -0.484652 2.801164 -2.475714 -9.173881 6.261089 0.000000 0.000000 0.000000 -3.314590 -0.022058 3.507406 4.408053 -1.600952 -13.057023 3.489200 3.571483 24.957873 1.919438 -1.300437 -13.982775 0.000000 0.000000 0.000000 -22.337572 -1.857889 1.899644 -54.256106 -6.712570 -6.001426 -26.938106 -42.200324 14.308401 0.000000 0.000000 0.000000 4.414663 16.227204 5.358520 50.972317 58.416392 18.849317 -155.221392 45.300425 -115.901163 0.000000 0.000000 0.000000 
0.035165 0.927270 -0.055442 -1.102594 -17.340019 -3.777739 2.005765 0.240264 1.820202 -4.311821 0.694981 1.872232 11.164005 22.821054 5.825952 0.000000 0.000000 0.000000 -5.203039 0.314588 -0.758406 7.233511 -0.472551 2.617048 -2.482664 -9.169471 6.226344 0.000000 0.000000 0.000000 -3.362140 -0.021847 3.705450 4.393187 -1.601890 -12.982181 3.555006 3.640610 24.761648 1.748977 -1.154978 -14.088847 0.000000 0.000000 0.000000 -22.287176 -1.442085 1.612751 -53.965102 -6.552730 -6.025264 -27.788352 -43.072020 15.017567 0.000000 0.000000 0.000000 4.522686 16.282188 5.385409 51.818515 58.372934 19.321386 -156.004916 45.890316 -118.109028 0.000000 0.000000 0.000000 
0.035388 0.927428 -0.056033 -1.075078 -17.306081 -3.858130 1.841116 0.240333 1.854661 -4.073751 0.652525 1.868879 11.165597 22.807719 5.909839 0.000000 0.000000 0.000000 -5.098268 0.306232 -0.722474 6.987362 -0.456204 2.631273 -2.488818 -9.192934 6.250587 0.000000 0.000000 0.000000 -3.317900 -0.025093 3.874929 4.412093 -1.594885 -13.220093 3.588529 3.900477 24.896315 1.607307 -1.043730 -13.590274 0.000000 0.000000 0.000000 -22.267387 -1.404606 1.524676 -53.765531 -6.512775 -6.041382 -28.635301 -43.655165 15.616657 0.000000 0.000000 0.000000 4.739715 16.246455 5.400081 52.145177 57.815903 19.253083 -157.273089 46.402033 -120.992439 0.000000 0.000000 0.000000 
0.035698 0.927459 -0.056581 -1.012025 -17.279339 -3.993300 1.629367 0.261061 2.111459 -3.830599 0.604670 1.558778 11.150182 22.776932 5.980020 0.000000 0.000000 0.000000 -5.057891 0.297961 -0.611275 6.777794 -0.441870 2.598473 -2.497186 -9.202004 6.235770 0.000000 0.000000 0.000000 -3.304749 -0.027361 4.033084 4.324269 -1.558932 -13.369408 3.698182 4.034867 25.011278 1.362374 -0.860554 -13.321775 0.000000 0.000000 0.000000 -22.223021 -1.164041 1.346817 -53.485243 -6.551189 -6.011999 -29.678004 -44.404283 16.403011 0.000000 0.000000 0.000000 4.880497 16.117602 5.367304 52.752524 57.144997 19.227416 -158.411204 46.663720 -123.409234 0.000000 0.000000 0.000000 
0.035911 0.927522 -0.057024 -0.922303 -17.337662 -4.074875 1.459301 0.294740 2.480269 -3.709519 0.576382 0.953688 11.150266 22.762876 6.131635 0.000000 0.000000 0.000000 -5.104756 0.301732 -0.631180 6.682208 -0.434512 2.672040 -2.476411 -9.156949 6.217357 0.000000 0.000000 0.000000 -3.378611 -0.024478 4.041396 4.456468 -1.592007 -13.570792 3.642617 4.183043 25.172580 1.394771 -0.896984 -12.851400 0.000000 0.000000 0.000000 -22.144356 -1.005984 1.233236 -53.210410 -6.751056 -5.918998 -30.627404 -44.598098 16.930566 0.000000 0.000000 0.000000 5.065423 16.087647 5.370239 52.841068 56.156369 18.745257 -159.783189 46.857654 -126.291563 0.000000 0.000000 0.000000 
0.036064 0.927620 -0.057411 -0.942841 -17.334527 -4.110852 1.352870 0.310522 2.652920 -3.485435 0.536171 0.675066 11.148912 22.749358 6.208163 0.000000 0.000000 0.000000 -5.075343 0.303989 -0.730257 6.664318 -0.434683 2.884224 -2.478376 -9.172028 6.237642 0.000000 0.000000 0.000000 -3.253318 -0.030234 3.879468 4.281455 -1.529959 -13.670269 3.738346 4.183326 25.396078 1.439267 -0.941411 -12.734256 0.000000 0.000000 0.000000 -22.296654 -1.100434 1.308321 -52.858368 -6.958545 -5.840781 -30.974377 -44.091380 16.867468 0.000000 0.000000 0.000000 5.268052 16.082531 5.373066 52.951285 55.112029 18.216462 -161.801741 46.814230 -130.328509 0.000000 0.000000 0.000000 
0.036164 0.927695 -0.057837 -0.875019 -17.441744 -4.217098 1.189311 0.332589 2.877475 -3.324289 0.508924 0.405158 11.191539 22.811283 6.347530 0.000000 0.000000 0.000000 -5.115679 0.311158 -0.841519 6.611181 -0.430569 3.178430 -2.448052 -9.098551 6.191560 0.000000 0.000000 0.000000 -3.246480 -0.031478 4.003758 4.322493 -1.515160 -14.181514 3.542998 4.281310 25.669919 1.284416 -0.849150 -12.288812 0.000000 0.000000 0.000000 -22.317315 -1.301420 1.441453 -52.607676 -7.144679 -5.778827 -30.108904 -43.179738 16.062920 0.000000 0.000000 0.000000 5.231959 15.923064 5.314417 52.943182 54.588949 17.891853 -162.632819 46.779370 -131.967245 0.000000 0.000000 0.000000 
0.036236 0.927807 -0.058357 -0.865762 -17.489813 -4.235405 0.983459 0.353813 3.096417 -2.969030 0.451101 -0.016291 11.217803 22.837148 6.506354 0.000000 0.000000 0.000000 -5.175040 0.324868 -1.083673 6.712215 -0.439208 3.567396 -2.438031 -9.089645 6.203825 0.000000 0.000000 0.000000 -2.978639 -0.042895 3.917019 4.147173 -1.447580 -14.394547 3.392074 4.118895 25.827336 0.941244 -0.638187 -11.853977 0.000000 0.000000 0.000000 -22.470326 -1.440302 1.597580 -52.488825 -7.265608 -5.754475 -29.371429 -41.585460 15.079476 0.000000 0.000000 0.000000 4.983854 15.824857 5.253854 53.027916 54.569231 17.841784 -163.318596 46.898836 -133.647148 0.000000 0.000000 0.000000 
0.036264 0.927884 -0.058950 -0.829329 -17.506801 -4.209143 0.715095 0.370219 3.266291 -2.545287 0.386552 -0.467898 11.237967 22.846073 6.680147 0.000000 0.000000 0.000000 -5.234322 0.339831 -1.348929 6.770599 -0.444379 3.893972 -2.445675 -9.110410 6.206655 0.000000 0.000000 0.000000 -2.811212 -0.048878 3.777560 4.067853 -1.402401 -14.732710 3.140689 4.074054 25.935812 0.591318 -0.405602 -11.164372 0.000000 0.000000 0.000000 -22.303366 -1.811097 1.841695 -52.624813 -7.366568 -5.724296 -28.539242 -40.124485 14.124968 0.000000 0.000000 0.000000 4.845098 15.842980 5.252225 53.210003 54.607006 17.911110 -163.425046 47.100278 -134.090460 0.000000 0.000000 0.000000 
0.036136 0.927934 -0.059608 -0.775781 -17.465436 -4.261546 0.485920 0.400074 3.545882 -2.193335 0.337456 -0.982220 11.212828 22.777472 6.839035 0.000000 0.000000 0.000000 -5.252955 0.341795 -1.387759 6.742561 -0.442929 3.974391 -2.466352 -9.150086 6.205698 0.000000 0.000000 0.000000 -2.727723 -0.053178 3.840399 4.005547 -1.362312 -15.065037 2.947771 4.037845 26.124065 0.475839 -0.327795 -11.042981 0.000000 0.000000 0.000000 -22.280136 -2.167268 2.073262 -52.681478 -7.492498 -5.695975 -27.963249 -39.050259 13.456322 0.000000 0.000000 0.000000 4.678070 15.747844 5.212871 52.482265 54.605876 17.521861 -162.987939 46.876963 -132.992993 0.000000 0.000000 0.000000 
0.035853 0.927948 -0.060304 -0.691274 -17.076717 -4.414521 0.415390 0.434179 3.864726 -2.133157 0.331756 -1.439011 10.994910 22.381582 6.844508 0.000000 0.000000 0.000000 -5.194476 0.323126 -1.148059 6.535414 -0.433306 3.825776 -2.626181 -9.440441 6.190676 0.000000 0.000000 0.000000 -2.777167 -0.053885 3.966852 3.813766 -1.279003 -15.346082 2.903439 3.684153 26.198153 0.337342 -0.234898 -11.428137 0.000000 0.000000 0.000000 -22.137111 -2.262274 2.161705 -52.699520 -7.574039 -5.665435 -28.232721 -38.807344 13.479670 0.000000 0.000000 0.000000 4.568493 15.831395 5.231353 52.208165 54.664522 17.379488 -162.339848 46.866074 -131.748933 0.000000 0.000000 0.000000 
0.035643 0.928047 -0.060928 -0.736785 -16.783419 -4.550233 0.578388 0.440452 3.935153 -2.263665 0.348398 -1.382627 10.835652 22.102491 6.764410 0.000000 0.000000 0.000000 -5.206606 0.309421 -0.924853 6.688883 -0.452264 3.721645 -2.716372 -9.650269 6.300283 0.000000 0.000000 0.000000 -2.823566 -0.054288 4.011393 3.948004 -1.305927 -15.497017 2.784392 3.679928 26.271604 0.517562 -0.342387 -11.851317 0.000000 0.000000 0.000000 -21.874308 -2.354784 2.159374 -52.616982 -7.362861 -5.742760 -28.928883 -39.306234 13.945639 0.000000 0.000000 0.000000 4.551183 15.772168 5.225122 51.621380 54.755387 17.173749 -161.428681 46.463578 -129.322659 0.000000 0.000000 0.000000 
0.035653 0.928330 -0.061442 -0.846199 -16.314483 -4.655333 0.526992 0.431910 3.878808 -1.912385 0.294815 -1.151838 10.644603 21.756744 6.678741 0.000000 0.000000 0.000000 -5.217043 0.289749 -0.597254 6.929458 -0.480607 3.445936 -2.843876 -9.984708 6.556713 0.000000 0.000000 0.000000 -2.704208 -0.062227 4.120940 3.871653 -1.261377 -15.702556 2.712560 3.564577 26.349475 0.682389 -0.463805 -11.560723 0.000000 0.000000 0.000000 -21.673704 -2.459217 2.167240 -52.593082 -7.360115 -5.740731 -29.510554 -40.030408 14.467715 0.000000 0.000000 0.000000 4.762225 15.683271 5.213323 51.604565 54.689050 17.165594 -161.356918 45.785359 -128.245872 0.000000 0.000000 0.000000 
0.035839 0.928502 -0.061900 -0.944517 -15.771637 -4.689656 0.753789 0.402950 3.644792 -2.100106 0.314725 -0.760369 10.395863 21.317533 6.461828 0.000000 0.000000 0.000000 -5.018829 0.260469 -0.321447 6.754388 -0.475838 3.140735 -3.030961 -10.391894 6.725637 0.000000 0.000000 0.000000 -2.765084 -0.061172 4.076397 4.072554 -1.312952 -15.681661 2.567094 3.443373 26.308663 0.980644 -0.682585 -11.249166 0.000000 0.000000 0.000000 -21.387437 -2.362087 2.030043 -52.463790 -7.331351 -5.722481 -30.468741 -41.436677 15.441848 0.000000 0.000000 0.000000 4.958126 15.523922 5.181438 51.588576 54.673826 17.204715 -160.992263 45.144158 -126.549219 0.000000 0.000000 0.000000 
0.035982 0.928759 -0.062359 -1.176487 -15.208152 -4.678160 1.103107 0.370391 3.367893 -2.244951 0.329069 -0.319661 10.141968 20.865585 6.224546 0.000000 0.000000 0.000000 -4.679234 0.214782 0.161279 6.585573 -0.468207 2.442202 -3.187085 -10.786906 7.038587 0.000000 0.000000 0.000000 -2.738320 -0.062216 3.881330 4.255568 -1.373083 -15.442418 2.510952 3.305913 26.262219 1.621617 -1.150169 -11.374719 0.000000 0.000000 0.000000 -21.328797 -2.445802 2.012138 -52.232907 -7.403595 -5.670517 -31.484066 -42.372340 16.262123 0.000000 0.000000 0.000000 5.514501 15.441235 5.187926 52.099896 54.623898 17.495642 -160.983124 44.656239 -125.697231 0.000000 0.000000 0.000000 
0.035986 0.928802 -0.062897 -1.430748 -14.699670 -4.706397 1.740179 0.344483 3.121628 -2.839827 0.411813 0.155874 9.880282 20.409217 5.891819 0.000000 0.000000 0.000000 -4.327738 0.162650 0.736054 6.459119 -0.461798 1.642796 -3.326245 -11.126861 7.313163 0.000000 0.000000 0.000000 -2.927875 -0.055930 3.762466 4.509547 -1.448614 -15.324090 2.715530 3.170810 26.250163 2.243315 -1.591631 -11.713749 0.000000 0.000000 0.000000 -21.118443 -2.575281 2.021370 -52.028990 -7.670731 -5.528932 -31.997219 -42.806328 16.647703 0.000000 0.000000 0.000000 6.150870 15.300451 5.171780 52.563945 54.511651 17.722632 -160.631865 44.455694 -124.508367 0.000000 0.000000 0.000000 
0.035906 0.928781 -0.063439 -1.739303 -14.125128 -4.885495 2.415538 0.326713 2.923558 -3.376443 0.490882 0.851046 9.593294 19.910437 5.475791 0.000000 0.000000 0.000000 -3.879587 0.093878 1.461167 6.273462 -0.452742 0.907920 -3.497103 -11.508016 7.568634 0.000000 0.000000 0.000000 -3.129056 -0.052826 3.897114 4.803437 -1.540070 -15.174042 2.955270 2.901033 26.350006 2.710312 -1.901575 -12.345391 0.000000 0.000000 0.000000 -21.081145 -2.875016 2.164672 -51.644245 -8.313544 -5.247248 -32.190750 -42.617079 16.618065 0.000000 0.000000 0.000000 6.823961 15.309807 5.207180 53.074307 54.671940 18.096499 -160.336934 44.147414 -123.331205 0.000000 0.000000 0.000000 
0.035963 0.928743 -0.063873 -2.036114 -13.783668 -4.836610 3.001492 0.288255 2.440828 -3.818317 0.564596 1.641957 9.443646 19.644318 5.156018 0.000000 0.000000 0.000000 -3.366954 0.037410 1.888415 5.932227 -0.428804 0.199648 -3.586872 -11.737371 7.802918 0.000000 0.000000 0.000000 -3.148984 -0.053269 3.959030 4.965726 -1.595483 -14.997484 3.066639 2.859650 26.205160 2.974826 -2.060326 -12.547876 0.000000 0.000000 0.000000 -20.964157 -3.155653 2.261404 -51.345560 -8.583492 -5.094558 -32.504271 -42.185418 16.519162 0.000000 0.000000 0.000000 7.239377 15.109272 5.161781 54.565727 54.955298 19.051583 -160.730102 43.824098 -123.479087 0.000000 0.000000 0.000000 
0.036257 0.928712 -0.064085 -2.418853 -13.686317 -4.810694 3.537749 0.265199 2.058944 -4.053011 0.612592 2.404926 9.410842 19.597006 4.880708 0.000000 0.000000 0.000000 -2.874698 -0.013368 2.235952 5.752468 -0.414545 -0.312969 -3.568860 -11.773371 8.037714 0.000000 0.000000 0.000000 -3.204145 -0.052393 4.047925 5.360401 -1.720684 -14.948420 3.292067 3.097181 26.195968 3.578661 -2.380227 -13.643719 0.000000 0.000000 0.000000 -21.146105 -3.728021 2.510732 -50.926923 -8.837466 -4.961603 -31.750805 -41.507120 15.803271 0.000000 0.000000 0.000000 7.725152 15.149050 5.229739 55.180946 55.568127 19.800478 -160.295072 43.697939 -122.072470 0.000000 0.000000 0.000000 
0.036573 0.928680 -0.064202 -2.666017 -13.685729 -4.746703 4.001668 0.254748 1.806068 -4.429963 0.684825 2.825797 9.398226 19.578564 4.727233 0.000000 0.000000 0.000000 -2.441571 -0.071620 2.766057 5.410481 -0.385801 -1.305135 -3.486681 -11.708372 8.318588 0.000000 0.000000 0.000000 -3.250091 -0.050519 4.056482 5.495743 -1.759708 -14.986666 3.479734 3.143082 26.310772 4.086265 -2.636710 -14.895312 0.000000 0.000000 0.000000 -21.218250 -4.049266 2.687153 -50.893142 -9.047324 -4.883608 -30.794813 -40.887770 15.106740 0.000000 0.000000 0.000000 8.216518 15.216745 5.281227 55.846412 56.210690 20.544014 -159.677563 43.445964 -120.296927 0.000000 0.000000 0.000000 
0.036808 0.928705 -0.064323 -2.884225 -13.863720 -4.646553 4.487191 0.262029 1.742709 -4.901511 0.771056 2.864745 9.438106 19.652757 4.699604 0.000000 0.000000 0.000000 -2.123190 -0.108449 3.054266 5.225944 -0.367500 -1.975703 -3.343337 -11.524895 8.547269 0.000000 0.000000 0.000000 -3.344914 -0.046022 4.108444 5.779762 -1.846312 -15.043376 3.786146 3.458712 26.263597 4.525277 -2.800833 -16.077637 0.000000 0.000000 0.000000 -21.236579 -4.132856 2.676930 -50.876671 -9.135660 -4.834439 -30.676638 -40.360737 14.807723 0.000000 0.000000 0.000000 8.651705 15.251733 5.337304 56.273651 56.456981 20.980743 -159.109382 44.127568 -119.804715 0.000000 0.000000 0.000000 
0.036877 0.928765 -0.064471 -3.109389 -13.963864 -4.476008 4.708459 0.255145 1.566301 -4.876768 0.770040 2.955232 9.492834 19.753385 4.674391 0.000000 0.000000 0.000000 -1.855442 -0.134517 3.196322 5.170236 -0.358027 -2.503828 -3.239685 -11.416500 8.781694 0.000000 0.000000 0.000000 -3.353690 -0.044400 4.212002 5.861702 -1.833631 -15.512833 4.022147 3.766589 26.605754 4.553061 -2.761853 -16.372304 0.000000 0.000000 0.000000 -21.029842 -4.113692 2.604221 -50.987180 -9.339632 -4.767148 -30.534269 -40.614746 14.839838 0.000000 0.000000 0.000000 9.165939 15.066820 5.317324 57.089309 56.394533 21.400520 -158.446023 45.458985 -119.837142 0.000000 0.000000 0.000000 
0.036825 0.928931 -0.064630 -3.310830 -14.108200 -4.466248 4.907491 0.264506 1.601015 -4.838398 0.765884 2.989470 9.549159 19.857016 4.701492 0.000000 0.000000 0.000000 -1.600827 -0.168098 3.458037 5.101134 -0.349000 -2.940210 -3.113594 -11.263062 9.000853 0.000000 0.000000 0.000000 -3.578344 -0.035726 4.447580 6.017880 -1.869223 -15.704254 4.377310 3.902276 26.663359 4.836640 -2.894283 -16.888862 0.000000 0.000000 0.000000 -20.774564 -3.777082 2.390041 -51.259946 -9.228868 -4.826339 -30.946000 -41.129413 15.256556 0.000000 0.000000 0.000000 9.200541 15.262753 5.409068 57.406592 55.732957 21.171276 -158.031801 47.068610 -120.944058 0.000000 0.000000 0.000000 
0.036802 0.929148 -0.064734 -3.440364 -14.246888 -4.336123 5.034495 0.257887 1.431305 -4.820584 0.767928 3.120400 9.619601 19.975187 4.779357 0.000000 0.000000 0.000000 -1.297928 -0.211708 3.819508 4.803114 -0.325771 -3.827116 -2.961909 -11.104138 9.331358 0.000000 0.000000 0.000000 -3.723734 -0.027311 4.603929 5.997077 -1.824345 -16.175593 4.751305 4.238632 27.061617 4.971062 -2.874480 -17.668024 0.000000 0.000000 0.000000 -20.804746 -3.192463 2.006250 -51.389798 -9.551522 -4.724070 -31.523640 -42.469761 16.095243 0.000000 0.000000 0.000000 9.489958 15.078000 5.383169 58.166050 54.359977 20.722207 -158.934491 48.740005 -124.314159 0.000000 0.000000 0.000000 
0.036934 0.929673 -0.064744 -3.518483 -14.397613 -4.260817 5.039601 0.260286 1.446289 -4.705192 0.746313 3.011225 9.685232 20.070370 5.003066 0.000000 0.000000 0.000000 -1.284449 -0.219821 3.946712 4.906372 -0.322233 -4.198439 -2.814732 -10.951289 9.645755 0.000000 0.000000 0.000000 -3.930432 -0.014490 5.215146 6.114772 -1.805780 -16.841033 5.241587 4.611619 27.112491 5.498030 -3.076887 -18.696662 0.000000 0.000000 0.000000 -20.822424 -2.989953 1.812119 -51.532605 -9.313323 -4.819171 -32.183492 -43.337262 16.740748 0.000000 0.000000 0.000000 9.104697 15.165738 5.444093 58.495871 53.451385 20.356836 -158.563738 50.485429 -125.311168 0.000000 0.000000 0.000000 
0.037290 0.929944 -0.064600 -3.563444 -14.662650 -4.301324 4.928330 0.260368 1.423743 -4.484957 0.715612 3.228415 9.823405 20.315455 5.131756 0.000000 0.000000 0.000000 -1.020893 -0.249020 4.126749 4.457041 -0.303154 -4.454199 -2.659182 -10.728710 9.762993 0.000000 0.000000 0.000000 -3.954851 -0.010709 5.665008 5.985822 -1.748712 -17.153712 5.567415 4.829577 27.197686 5.535370 -3.075948 -18.838288 0.000000 0.000000 0.000000 -21.159214 -2.511023 1.525859 -51.726167 -9.329648 -4.831921 -31.327624 -43.111749 16.263847 0.000000 0.000000 0.000000 9.095482 15.352676 5.528592 58.422221 52.559117 19.777085 -159.466693 51.942833 -128.468128 0.000000 0.000000 0.000000 
0.037828 0.930402 -0.064212 -3.465102 -14.235373 -3.994289 4.622644 0.225408 1.157345 -4.192397 0.651403 2.959763 9.671593 20.004769 5.248041 0.000000 0.000000 0.000000 -0.947590 -0.233718 3.765793 4.079007 -0.297800 -4.375937 -2.849339 -11.094672 9.891654 0.000000 0.000000 0.000000 -4.012027 -0.001586 6.088468 5.947215 -1.654969 -17.968890 5.397267 4.870204 26.940832 6.199344 -3.439109 -19.158989 0.000000 0.000000 0.000000 -20.839793 -2.423999 1.384364 -52.196390 -8.800716 -5.029814 -30.077992 -42.064725 15.239575 0.000000 0.000000 0.000000 9.611668 15.321822 5.585120 59.143545 51.358286 19.461061 -161.469978 52.952607 -132.858260 0.000000 0.000000 0.000000 
0.038478 0.930379 -0.063560 -3.421223 -13.781475 -3.837805 4.361694 0.227609 1.422033 -3.890285 0.579886 2.094819 9.469221 19.641746 5.184155 0.000000 0.000000 0.000000 -0.807088 -0.244680 3.728182 3.661194 -0.289497 -4.519191 -3.056254 -11.460607 9.946919 0.000000 0.000000 0.000000 -4.305365 0.016130 5.990082 6.055704 -1.663153 -18.104832 5.577985 4.434343 27.313557 6.264674 -3.497560 -19.563564 0.000000 0.000000 0.000000 -21.907244 -2.283255 1.371510 -51.290983 -8.984360 -4.987361 -28.881390 -39.406467 13.653429 0.000000 0.000000 0.000000 10.452274 16.042500 5.923991 58.006436 50.493503 18.366931 -162.960538 53.929514 -136.557054 0.000000 0.000000 0.000000 
0.039084 0.931092 -0.062703 -3.016733 -13.353242 -3.518932 3.692143 0.167882 0.891202 -3.558152 0.521788 2.192437 9.337560 19.348989 5.472484 0.000000 0.000000 0.000000 -1.491785 -0.154766 3.078725 4.044314 -0.307530 -4.020156 -3.272188 -11.846268 10.001036 0.000000 0.000000 0.000000 -4.057581 0.005805 6.131719 5.160459 -1.320305 -19.072824 5.577737 3.813585 27.621998 6.471542 -3.669829 -19.906700 0.000000 0.000000 0.000000 -21.459130 -2.469383 1.620256 -52.066290 -8.676848 -5.210270 -26.817530 -38.810121 12.702217 0.000000 0.000000 0.000000 10.359684 15.855723 5.787329 57.184613 48.063722 16.465379 -165.315634 54.796156 -141.888802 0.000000 0.000000 0.000000 
0.039475 0.931440 -0.061701 -3.005671 -13.712406 -2.836851 3.853548 0.200790 1.372487 -3.982502 0.571694 0.154285 9.407597 19.436140 5.968531 0.000000 0.000000 0.000000 -1.917338 -0.033862 1.738058 4.716738 -0.332505 -2.918855 -3.184315 -11.683654 9.859315 0.000000 0.000000 0.000000 -4.020410 0.008576 5.158656 5.069120 -1.340433 -18.529622 5.542276 3.076292 27.580701 6.991495 -4.385419 -18.246834 0.000000 0.000000 0.000000 -22.459890 -2.247555 1.815448 -50.701927 -7.208905 -5.826806 -26.968849 -39.387330 13.055560 0.000000 0.000000 0.000000 10.577412 16.869687 6.071156 55.907105 46.108710 14.774792 -168.063178 53.818637 -147.326986 0.000000 0.000000 0.000000 
0.039619 0.932703 -0.060674 -2.881478 -11.593151 -3.278235 3.693789 0.189836 1.516466 -3.808627 0.528071 0.323157 8.410155 17.617169 5.790568 0.000000 0.000000 0.000000 -1.361555 -0.105729 2.117223 3.497240 -0.298234 -2.299230 -4.137408 -13.351768 10.170367 0.000000 0.000000 0.000000 -3.728084 -0.016459 6.258273 5.182073 -1.350416 -18.287586 3.755956 2.651538 26.471630 6.785381 -4.178493 -17.826343 0.000000 0.000000 0.000000 -23.072834 -3.240550 2.133237 -50.981050 -7.398857 -5.675001 -22.866673 -38.888923 11.130787 0.000000 0.000000 0.000000 12.797423 16.135945 5.996687 52.794251 43.434519 12.473578 -171.971025 54.728051 -155.219077 0.000000 0.000000 0.000000 
